variant_id	disease	chrom	pos	nucel_brain	nucel_DLPFC	nucel_astrocyte	nucel_glut_neuron	nucel_max_abs
rs6701713	AD	chr1	207612944	0.8728815652430058	0.0861967802047729	0.0031782984733581	0.1065001189708709	0.8728815652430058
rs73415968	PD	chr18	13651014	-0.5454203747212887	-0.4494165685027838	5.567539483308792e-05	-0.2048896322958171	0.5454203747212887
rs435380	AD	chr19	44903861	-0.4759772457182407	0.0129050910472869	0.0001963376998901	-0.0154981613159179	0.4759772457182407
rs114762839	PD	chr4	89447394	0.4665835052728653	-0.0376857370138168	-0.139456570148468	-0.1786583214998245	0.4665835052728653
rs8005172	PD	chr14	88006268	-0.4638489559292793	-0.0801777336746454	-0.0689021125435829	-0.0806359727866947	0.4638489559292793
rs141128804	PD	chr12	40542837	-0.4502181857824325	-0.0207545161247253	-0.0225510001182556	-0.0529800653457641	0.4502181857824325
rs73037426	AD	chr19	44719517	0.4273781292140484	0.0217884182929992	-0.0048571228981018	-0.0021904706954956	0.4273781292140484
rs145138919	PD	chr4	90531895	0.4268546476960182	0.0014168759807944	8.169002830982208e-05	0.000199859496206	0.4268546476960182
rs145533835	PD	chr2	124952741	-0.4021850633434951	-0.0038875518366694	0.0001697828993201	-0.0004723640158772	0.4021850633434951
rs181609621	PD	chr12	32657825	0.3848657491616905	0.0466686785221099	0.1060962378978729	0.2743595670908689	0.3848657491616905
rs144847051	PD	chr12	33148871	-0.3786716340109706	-0.1532871723175048	-0.1152227036654949	-0.0718578994274139	0.3786716340109706
rs148163066	PD	chr12	32826971	-0.3703079521656036	0.033234566450119	0.0882266238331794	-0.0033431034535169	0.3703079521656036
rs34806123	PD	chr4	89762971	0.355534479022026	0.0019565541297197	0.0037624314427375	0.0007749567739665	0.355534479022026
rs997277	PD	chr2	188886137	0.347040444612503	0.062284686602652	0.0055267065763473	0.3366104080341756	0.347040444612503
rs10756907	PD	chr9	17727067	0.3422077412251383	0.00572738237679	0.00139647629112	0.000765596050769	0.3422077412251383
rs11158026	PD	chr14	54882151	-0.0688406974077224	-0.0361905023455619	-0.0687768179923296	-0.3419444039463997	0.3419444039463997
rs1384236	PD	chr12	40064582	0.0547794187441468	0.3267291635274887	0.0250961631536483	0.0052744196727871	0.3267291635274887
rs2927437	AD	chr19	44738381	-0.3091377476230263	-0.1248337067663669	-0.0384242832660675	-0.1050352081656456	0.3091377476230263
rs28615360	AD	chr19	44841465	-0.0017623282619751	-0.099329836666584	-0.0933313965797424	-0.3081398010253906	0.3081398010253906
rs7134559	PD	chr12	46025303	-0.3032753660809248	-0.0036593666300177	-0.0128403939306736	-0.0005554319359362	0.3032753660809248
rs6679073	PD	chr1	205787356	0.299804151058197	0.0100543349981307	-0.044227585196495	0.1961435675621032	0.299804151058197
rs6599388	PD	chr4	945299	-0.2981949038803577	-0.0296220481395721	-0.0258270651102066	-0.103445827960968	0.2981949038803577
rs2736990	PD	chr4	89757390	0.2946314131841063	-0.0019257869571447	-0.0023756641894578	-0.0019025653600692	0.2946314131841063
rs979812	PD	chr14	87997920	-0.2830774486064911	-0.0028957491740584	-0.0055750226601958	-0.0010517491027712	0.2830774486064911
rs6599389	PD	chr4	945325	0.2824792079627514	0.0301441848278045	-0.0931133925914764	-0.0235390365123748	0.2824792079627514
rs73656147	PD	chr9	101115169	0.0191242694854736	0.112062007188797	0.2072744481265545	0.281148612499237	0.281148612499237
rs2414739	PD	chr15	61701935	-0.0005578444979619	-0.0523993074893951	-0.2751119956374168	-0.0019003748893737	0.2751119956374168
rs1550556	PD	chr4	76173388	-1.1600568541325629e-05	-0.0802575200796127	-0.0442346334457397	-0.2666704282164573	0.2666704282164573
rs17425622	PD	chr6	32604184	0.2616356555372476	0.0199846131727099	0.0251368731260299	0.0022850572131574	0.2616356555372476
rs12456492	PD	chr18	43093415	0.2500283755362034	0.0029019247740507	0.0022577568888664	0.0002190982922911	0.2500283755362034
rs6586028	AD	chr10	80494228	-0.0010158555814996	-0.2100648432970047	-0.2486340999603271	-0.1060234010219574	0.2486340999603271
rs11060180	PD	chr12	122819039	0.2418398006120696	0.0001612743362784	0.0002761278301477	0.0001750970259308	0.2418398006120696
rs184017	AD	chr19	44891712	0.2351949959993362	-0.0020144283771514	-0.0034038797020912	0.011671632528305	0.2351949959993362
rs12987662	AD	chr2	100205086	-0.2307583838701248	-0.006852788850665	-0.0023803487420082	-0.0061499723233282	0.2307583838701248
rs2740488	AD	chr9	104899461	1.7934900824911892e-05	0.0314403288066387	0.0796699970960617	0.2293409872800111	0.2293409872800111
rs8180209	PD	chr4	89723303	0.077158186584711	0.0066466033458709	0.2265300750732422	0.1638932526111602	0.2265300750732422
rs3889108	PD	chr15	61712597	-0.000367006228771	-0.1179180145263671	-0.1083678603172302	-0.2259696274995803	0.2259696274995803
rs7912495	AD	chr10	11676714	0.0007288699416676	0.0264988709241151	0.224797710776329	0.1855712048709392	0.224797710776329
rs10797576	PD	chr1	232528865	-0.2237364798784256	-0.055683147162199	-0.0127126742154359	-0.00696925772354	0.2237364798784256
rs7636454	PD	chr3	179225280	-0.0045755635946989	0.0527224568650126	0.0231868606060743	0.2179250381886959	0.2179250381886959
rs58904316	AD	chr11	55124894	-0.216288430019631	-0.0040714619681239	-0.000604678876698	-0.0023027746938169	0.216288430019631
rs368657122	PD	chr13	36532864	-0.210343727376312	-0.0067229811102151	-0.0076251132413744	-0.0031157811172306	0.210343727376312
rs10933431	AD	chr2	233117202	0.2099740477278828	0.005949467420578	0.0220988690853118	0.0017014145851135	0.2099740477278828
rs1867598	PD	chr5	60842132	-0.2074812166392803	0.0025261910632252	0.0043284446001052	0.0003585461527109	0.2074812166392803
rs2678379	AD	chr2	21003688	0.03642313554883	0.2044488228857517	0.0796709358692169	0.0954278670251369	0.2044488228857517
rs1366382657	AD	chr12	121034789	-0.0262704211054369	-0.1854739710688591	-0.2042443230748176	-0.0479277232661843	0.2042443230748176
rs12643261	PD	chr4	76255695	-0.2006569728255272	-0.0146323293447494	-0.0822367239743471	-0.0175317227840423	0.2006569728255272
rs12148780	AD	chr15	58289090	-0.0030881289858371	0.0840157177299261	0.0658914744853973	0.1908715786412358	0.1908715786412358
rs4575098	AD	chr1	161185602	-0.0019885770743712	-0.182699866592884	-0.016147244721651	-0.0052909422665834	0.182699866592884
rs717097	AD	chr5	140361785	-9.540774044580758e-06	-0.008728414773941	-0.1798944771289825	-0.0041640046983957	0.1798944771289825
rs9356013	PD	chr6	162403694	-0.0085985053447075	-0.1792749725282192	-0.0555500015616416	-0.1533271111547947	0.1792749725282192
rs123187	AD	chr19	45327689	-0.0775288304430432	-0.0857947021722793	-0.0707343518733978	-0.1771176941692829	0.1771176941692829
rs356182	PD	chr4	89704960	0.1727981008589267	1.262221485376358e-05	-0.0043298806995153	-0.0040446138009428	0.1727981008589267
rs13016703	PD	chr2	168299085	0.0035120237298542	0.106202095746994	0.0662919580936431	0.1704828143119812	0.1704828143119812
rs62137344	AD	chr2	64826054	-0.0095294117927551	-0.121472954750061	-0.0612121820449829	-0.1664015129208564	0.1664015129208564
rs6656401	AD	chr1	207518704	0.0374512150883674	0.1649645268917083	0.0261830985546112	0.0115069448947906	0.1649645268917083
rs6592142	PD	chr11	83798730	0.1637501921504736	0.0029280520975589	-0.0111640803515911	-0.0228975117206573	0.1637501921504736
rs10939105	AD	chr4	11022058	0.020734280347824	0.1200352013111114	0.1624190956354141	0.115943431854248	0.1624190956354141
rs35749011	PD	chr1	155162560	4.5515334932133555e-06	-0.0161716751754283	-0.1623025238513946	-0.0421730503439903	0.1623025238513946
rs1736020	PD	chr21	15440233	-0.1378058474510908	-0.1622313112020492	-0.0418938249349594	-0.0423717396333813	0.1622313112020492
rs17411858	PD	chr1	161647726	0.0002493262290954	0.1611406356096267	0.0026572495698928	0.0012499038130044	0.1611406356096267
rs6500328	PD	chr16	50702745	0.0236070752143859	0.1606128811836242	0.0405938290059566	0.0127875846810638	0.1606128811836242
rs9461540	AD	chr6	29636487	-0.158799136057496	-0.0037289857864379	-0.0097428113222122	0.0034579336643218	0.158799136057496
rs442495	AD	chr15	58730416	0.1569258775562048	0.0032520554959774	-0.0003567244857549	0.0029575736261904	0.1569258775562048
rs10516839	PD	chr4	89587189	0.0041112899780273	0.0143152475357055	0.0266859419643878	0.1522559644654393	0.1522559644654393
rs2694528	PD	chr5	60978096	-0.1522133407415822	-0.0415398776531219	-0.0349673628807067	-0.0719388425350189	0.1522133407415822
rs4815573	PD	chr20	3186025	-4.016954335384071e-06	-0.0168123766779899	-0.0777686834335327	-0.1487608551979065	0.1487608551979065
rs1491942	PD	chr12	40227006	-0.0044953745091333	-0.1473023071885109	-0.031786173582077	0.0106132328510284	0.1473023071885109
rs59325138	AD	chr19	44913034	-0.0468358807265758	-0.1468149572610855	-0.0053671002388	-0.0761152505874633	0.1468149572610855
rs850731	PD	chr17	44376902	8.161383448168635e-06	0.0244888216257095	-0.014916107058525	0.1456510573625564	0.1456510573625564
rs1372518	PD	chr4	89836143	-0.1454666852951049	-0.0019181668758392	0.0042493641376495	0.0001392662525177	0.1454666852951049
rs9469112	AD	chr6	32447376	-0.1448207646608352	-0.0043713971972465	-0.0010349014773964	-0.000353570561856	0.1448207646608352
rs1450522	PD	chr3	161359842	0.0052676992781925	0.1376511789858341	0.0656986683607101	0.0965357683598995	0.1376511789858341
rs34583389	AD	chr19	45027093	2.403510734438896e-06	-0.0203060656785964	-0.0106744021177291	-0.1370460242033004	0.1370460242033004
rs4277405	AD	chr17	63471557	-0.1333367836195975	-0.1265543103218078	-0.0211578011512756	-0.0098074376583099	0.1333367836195975
rs246815	PD	chr5	76303351	-0.1268765851855278	-0.1333051472902298	-0.0135489925742149	-0.0027176262810826	0.1333051472902298
rs6806917	PD	chr3	179143629	-1.6996462363749743e-05	-0.0066242106258869	0.0657451301813125	0.1329623330384493	0.1329623330384493
rs144261139	AD	chr19	44882099	0.0942515396163798	0.1324172466993332	-0.0082462430000305	-0.038320392370224	0.1324172466993332
rs26431	PD	chr5	103030090	-3.0205308576114476e-05	-0.0021387338638305	-0.0463651046156883	-0.1316588902845978	0.1316588902845978
rs1630500	PD	chr1	154882579	-0.0014932890771888	-0.1148459687829017	-0.0928349047899246	-0.1303254663944244	0.1303254663944244
rs620513	PD	chr8	16840084	0.0325468853116035	-0.0263232439756393	-0.0589486397802829	-0.1294321790337562	0.1294321790337562
rs4266290	PD	chr4	15735495	-0.1290911915712058	0.0009264145046472	0.0003302320837974	-0.0033026626333594	0.1290911915712058
rs823118	PD	chr1	205754444	0.0228513777256011	-0.0295652374625206	-0.1287482120096683	-0.121281674131751	0.1287482120096683
rs188789342	PD	chr10	119612816	-0.000272671575658	-0.0397038199007511	-0.0622735321521759	-0.1277149617671966	0.1277149617671966
rs521629	AD	chr19	44863346	-0.0065528040140634	0.0037364158779382	0.0201590359210968	-0.1274681240320205	0.1274681240320205
rs246814	PD	chr5	76303383	-0.000808319542557	-0.1272952891886234	-0.0910257771611213	-0.0091235088184475	0.1272952891886234
rs4653767	PD	chr1	226728377	0.1265890002250671	0.036441272124648	0.0021023768931627	0.0014134068042039	0.1265890002250671
rs146143531	PD	chr1	155042492	-0.0145246302126906	0.1262402385473251	0.0834698528051376	0.0552654117345809	0.1262402385473251
rs591323	PD	chr8	16839582	-0.0048980731517076	-0.1246450841426849	-0.1069824993610382	-0.0381891597062349	0.1246450841426849
rs116114495	PD	chr1	154951539	-0.031455825897865	-0.1242973208427429	-0.044998213648796	-0.0786462128162384	0.1242973208427429
rs10737170	PD	chr1	156094089	-0.1228536692215129	0.077290341258049	-0.0032664239406585	-0.0620758906006813	0.1228536692215129
rs11724635	PD	chr4	15735478	-0.1209142724983394	-0.0038572344928979	-0.0172889828681945	-0.0154661638662219	0.1209142724983394
rs1813937	AD	chr11	50509630	0.0684171647299081	0.0727116875350475	-0.1202960535883903	-0.0300345495343208	0.1202960535883903
rs11658976	PD	chr17	46789439	-0.0201062308333348	-0.0061608999967575	-0.0211555063724517	-0.1195423752069473	0.1195423752069473
rs582747	AD	chr19	45204659	-0.0267149954888736	-0.1193669289350509	0.0260486155748367	-0.0132127702236175	0.1193669289350509
rs113706587	AD	chr5	180201150	-0.0042572278907755	-0.1177514195442199	-0.038429707288742	-0.0919275283813476	0.1177514195442199
rs78299420	PD	chr12	123086549	0.0002442951226839	-0.0160704590380191	-0.0263371765613555	-0.1169783398509025	0.1169783398509025
rs140824606	AD	chr19	44807827	-1.8665610696189106e-05	-0.0353316515684127	-0.0094188898801803	-0.1168316081166267	0.1168316081166267
rs6497339	PD	chr16	19266171	-2.1821906557306647e-05	0.0204581599682569	0.1147870942950248	0.0431513749063015	0.1147870942950248
rs10903	PD	chr1	171704096	-0.1124562192708253	-0.0285292007029056	-0.0280713066458702	-0.093603400979191	0.1124562192708253
rs114747892	AD	chr13	52308868	-0.0079610844841226	-0.04542788118124	-0.1122150048613548	-0.0304245930165052	0.1122150048613548
rs6430538	PD	chr2	134782397	0.0080078792525455	-0.0365276336669921	-0.1081477031111717	-0.0434094555675983	0.1081477031111717
rs116949436	AD	chr19	44960129	0.0024387968587689	0.0024492144584655	-0.0857144892215728	-0.1071520447731018	0.1071520447731018
rs4726467	PD	chr7	139937623	0.0014394876779988	-0.0445792004466056	-0.1071083694696426	-0.0267473850399255	0.1071083694696426
rs1887316	PD	chr6	111830249	-0.0058941841125488	-0.1070223823189735	-0.0745667666196823	-0.0298203080892562	0.1070223823189735
rs28370664	PD	chr12	40019503	-0.0338476002216339	-0.0316401422023773	0.0015445351600646	-0.106510192155838	0.106510192155838
rs283811	AD	chr19	44885243	-1.2351665645837784e-07	0.0041573196649551	-0.0034172981977462	0.1060876920819282	0.1060876920819282
rs7988558	AD	chr13	51921924	-0.0343327689915895	0.029461994767189	0.0794068053364753	0.1052402257919311	0.1052402257919311
rs78294974	PD	chr7	33144410	0.1049118358641862	0.0297882687300443	-0.0030931662768125	-0.0146847628057003	0.1049118358641862
rs11950533	PD	chr5	134863415	0.1033216454088687	0.0563298445194959	-0.0387137606739997	-0.0087025151588022	0.1033216454088687
rs71314284	PD	chr3	183160467	-0.0001038628106471	-0.0532436594367027	-0.0191081762313842	-0.1025927364826202	0.1025927364826202
rs9275152	PD	chr6	32684419	0.1015275120735168	0.0028377473354339	-0.0156998634338378	0.0039479732513427	0.1015275120735168
rs115217673	PD	chr1	2383593	-0.0026393935550004	-0.0605344772338867	-0.0285297036170959	-0.1005987748503685	0.1005987748503685
rs7259620	AD	chr19	44904531	-0.02740924351383	-0.0986631661653518	-0.0640356466174125	-0.086403913795948	0.0986631661653518
rs12817488	PD	chr12	122811747	-8.428512956015766e-06	-0.0981699079275131	0.0095135122537612	-0.0173023380339145	0.0981699079275131
rs157588	AD	chr19	44895007	-0.01316699385643	-0.098148837685585	-0.0797750949859619	-0.0967286564409732	0.098148837685585
rs4538475	PD	chr4	15736314	0.000283925444819	0.0977842062711715	0.0301688909530639	0.0626649409532547	0.0977842062711715
rs17442721	PD	chr12	40141971	0.0977522269822657	0.0162644339725375	-0.0006878115236759	0.0011095250956714	0.0977522269822657
rs573521	AD	chr11	102846249	0.006382891908288	0.0276846885681152	0.097629964351654	0.0465210974216461	0.097629964351654
rs576468917	AD	chr4	2522176	0.0	0.0482517257332801	0.005163162946701	0.0976104140281677	0.0976104140281677
rs714948	AD	chr19	44662645	-0.0001531760644866	0.0114398840814828	0.0342956930398941	0.0961796715855598	0.0961796715855598
rs117310449	AD	chr19	44890259	-0.0944918617606163	-0.0460816994309425	-0.0120403282344341	-0.0124347321689128	0.0944918617606163
rs4420638	AD	chr19	44919689	0.0	0.0077190566807985	0.0933818072080612	0.0080123618245124	0.0933818072080612
rs17197839	AD	chr6	31253522	-2.6070891181007028e-05	-0.0066136503592133	-0.0932965390384197	-0.0030354335904121	0.0932965390384197
rs2093760	AD	chr1	207613483	0.0004106355481781	0.0931626707315445	0.0587266087532043	0.0386454500257968	0.0931626707315445
rs7225082	PD	chr17	45771129	-0.0031302562274504	-0.0296074450016021	-0.0931550860404968	-0.0067339241504669	0.0931550860404968
rs9858038	PD	chr3	183012503	-0.0221312514040619	-0.0789247453212738	-0.0669193118810653	-0.0928001254796981	0.0928001254796981
rs12118655	PD	chr1	205694350	0.0004556912463158	0.041818369179964	0.092577263712883	0.0198679398745298	0.092577263712883
rs117807585	AD	chr11	121585352	-4.560928209684789e-05	-0.0925539284944534	-0.0109967589378356	-0.0593114495277404	0.0925539284944534
rs12462573	AD	chr19	44856449	-0.0065689678303897	-0.091184988617897	-0.0537018105387687	-0.0466108471155166	0.091184988617897
rs2269906	PD	chr17	44216969	0.0909287929534912	0.0269531607627868	0.072329044342041	0.0713331401348114	0.0909287929534912
rs1532278	AD	chr8	27608798	-0.0909113530069589	-0.0237166285514831	0.0110653638839721	-0.0038361847400665	0.0909113530069589
rs356183	PD	chr4	89704947	-0.0903076566755771	-0.00171375926584	-0.009911329485476	-0.0380103569477796	0.0903076566755771
rs553016	PD	chr1	156137072	0.000444573466666	-0.0902839228510856	-0.0286145806312561	-0.0240424871444702	0.0902839228510856
rs13664	PD	chr10	15514323	0.0019160290248692	0.0897351801395416	-0.0738598108291626	0.0067724883556365	0.0897351801395416
rs77351827	PD	chr20	6025395	-0.0894239246845245	-0.0046140598133206	-0.0010352907702326	-0.0004085469990968	0.0894239246845245
rs903391718	AD	chr1	39179844	-9.24743653740734e-06	-0.0123036913573741	-0.0223380029201507	-0.0893391147255897	0.0893391147255897
rs11881756	AD	chr19	44717621	3.129917604383081e-05	0.0066445656120777	0.0886648073792457	0.0025934656150639	0.0886648073792457
rs577492	PD	chr1	156130948	0.0001140605600085	0.0886007957160472	-0.0004985034465789	0.0171688869595527	0.0886007957160472
rs1368039384	AD	chr10	119200781	0.0	-0.0174557194113731	-0.025685429573059	-0.0884659327566623	0.0884659327566623
rs116881820	AD	chr19	44894695	1.7409183783456683e-06	0.0178275983780622	0.0047988593578338	0.0880164802074432	0.0880164802074432
rs918393304	AD	chr7	140498699	3.969043609686196e-05	-0.0087737441062927	-0.0877878293395042	-0.0006810324266552	0.0877878293395042
rs905835670	AD	chr2	169608315	-0.0002905018045566	-0.08754363656044	-0.0070760846138	-0.0593430250883102	0.08754363656044
rs10256359	PD	chr7	23084258	-0.0046507557854056	-0.0015722550451755	-0.0681334920227527	-0.0868637561798095	0.0868637561798095
rs73035978	AD	chr19	44018205	0.0013966890255687	0.005937117151916	0.08565104752779	0.0006661871448159	0.08565104752779
rs7938782	PD	chr11	10537230	0.0031311000639107	0.0844065453857183	0.047420110553503	0.0037939017638564	0.0844065453857183
rs3785425	AD	chr16	70694574	-0.0843088622204959	0.0181445702910423	0.0108960568904876	0.0178134739398956	0.0843088622204959
rs35682329	PD	chr1	155148667	-0.0025302050635218	0.0840843319892883	0.0700352787971496	0.0465310513973236	0.0840843319892883
rs35643925	PD	chr1	156185069	-0.0093018487095832	-0.0441951900720596	-0.0815762802958488	-0.0839128494262695	0.0839128494262695
rs12987123	PD	chr2	168264031	0.0004550028388621	0.0	0.0835999548435211	0.0008836826309561	0.0835999548435211
rs13117519	PD	chr4	113447909	-0.0460546016693115	-0.0041906833648681	-0.0822452902793884	-0.0352447628974914	0.0822452902793884
rs7029201	AD	chr9	23358083	-0.0024868605541996	-0.0335375275462865	-0.0431758947670459	-0.0820514159277081	0.0820514159277081
rs73048293	AD	chr19	44837479	-1.1506970622576771e-05	-0.0246816668659448	-0.0032822340726852	-0.0818105898797512	0.0818105898797512
rs80306347	PD	chr2	141242702	-0.0384740075096488	0.041711501777172	0.0813159644603729	-0.0123444497585296	0.0813159644603729
rs117672332	PD	chr17	3702823	0.0002081528946291	0.0079463236033916	-0.0140693187713623	0.0810155719518661	0.0810155719518661
rs4667572	PD	chr2	168299490	0.0001673673250479	-0.013007465749979	-0.0788139104843139	-0.0804704874753952	0.0804704874753952
rs3115534	PD	chr1	155235878	0.0	-0.0074355043470859	-0.0080664753913879	-0.0799801424145698	0.0799801424145698
rs1160985	AD	chr19	44900155	-0.0011245511705055	-0.0456459820270538	-0.0025033354759216	-0.0787987858057022	0.0787987858057022
rs3844143	AD	chr11	86139201	-0.0013032536953687	-0.0787395052611827	0.0001075658947229	-0.000355782918632	0.0787395052611827
rs2451713	PD	chr6	26660427	0.0786909249145537	0.0719272941350936	0.0180822908878326	0.033932501450181	0.0786909249145537
rs8070723	PD	chr17	46003698	0.0016103057423606	0.0004573818296194	0.0207881480455398	0.0778323002159595	0.0778323002159595
rs76366838	AD	chr19	44896639	-0.0009125375800067	-0.0777962170541286	-0.0036995559930801	-0.0261966958642005	0.0777962170541286
rs377702	AD	chr19	44859410	-6.111075344961137e-05	-0.0481562465429306	-0.023595243692398	-0.0776136964559555	0.0776136964559555
rs199501	PD	chr17	46785247	-4.5653985580429435e-05	0.0079976320266723	0.0079348236322402	0.0767468363046646	0.0767468363046646
rs4630591	PD	chr17	46115202	-7.391830149572343e-05	-0.0763503760099411	-0.0073685050010681	-0.0522892177104949	0.0763503760099411
rs116540837	PD	chr1	155432750	0.0013208397722337	0.0433578370139002	0.0762014780193567	0.0045413458719849	0.0762014780193567
rs6060983	PD	chr20	31833121	0.0	0.0085625313222408	0.0155517607927322	0.0761349685490131	0.0761349685490131
rs1257773292	AD	chr3	192900746	-3.3135569537989795e-05	-0.0567123182117939	-0.013938546180725	-0.075068399310112	0.075068399310112
rs11701722	PD	chr21	37398228	0.0179835222661495	0.0749912410974502	0.0024862587451934	0.0738686919212341	0.0749912410974502
rs10906923	PD	chr10	15527599	0.0282045900821685	-0.0544948875904083	-0.0276210522279143	-0.0743364058434963	0.0743364058434963
rs17462136	AD	chr20	56412160	0.0740056782960891	-0.0394712537527084	-0.0025618150830268	-0.0041245622560381	0.0740056782960891
rs3774745	AD	chr3	50167312	1.5901197912171483e-05	-0.0042944997549057	-0.0031493306159973	-0.0720040947198867	0.0720040947198867
rs11610045	PD	chr12	132487182	-0.0021203963260632	-0.0020980089902877	-0.0705524384975433	-0.0605011284351348	0.0705524384975433
rs12721046	AD	chr19	44917997	-0.0002084295992972	0.000710442662239	-0.0219220072031021	-0.0701639428734779	0.0701639428734779
rs1081105	AD	chr19	44909698	0.0006052746175555	0.0691377222537994	-0.0012811943888664	0.0380327031016349	0.0691377222537994
rs6854006	PD	chr4	76276901	0.0466524139046669	-0.0002345442771911	-0.0686945170164108	-0.0467776544392108	0.0686945170164108
rs79638902	AD	chr19	44718495	-0.0068292650394141	0.0200017392635345	0.0038659572601318	0.0677257180213928	0.0677257180213928
rs17643262	AD	chr19	45128558	-0.0674190521240234	0.0074527859687805	0.00607231259346	-0.0232723355293273	0.0674190521240234
rs356228	PD	chr4	89685975	-0.0599070936441421	0.0181644558906555	0.0156602710485458	0.0672503933310508	0.0672503933310508
rs12497850	PD	chr3	48711556	-0.0165676957694813	-0.0672271810472011	-0.0336667783558368	0.0029028803110122	0.0672271810472011
rs146275714	AD	chr19	44862190	0.0	-0.0022534299641847	-0.0117693543434143	-0.0665896981954574	0.0665896981954574
rs1482168704	AD	chr14	23706575	4.1444291127845645e-06	-0.0157368779182434	-0.0121849030256271	-0.065953504294157	0.065953504294157
rs75687619	AD	chr19	44896087	-0.0004542743990896	-0.0639128386974334	0.0145818293094635	-0.026008628308773	0.0639128386974334
rs9487736	PD	chr6	111847106	-0.0434670145623385	-0.0638476014137268	-0.020922839641571	-0.0382304191589355	0.0638476014137268
rs2647062	PD	chr6	32602640	0.0429956316947937	0.009585291147232	0.0394151806831359	0.0627361834049224	0.0627361834049224
rs7254133	AD	chr19	44935297	0.0	-0.0038867052644491	-0.0282216221094131	-0.0626886766403913	0.0626886766403913
rs12637471	PD	chr3	183044649	2.303076325915754e-05	0.0622182786464691	-0.0029624998569488	-0.0002362132072448	0.0622182786464691
rs2972559	AD	chr19	44852464	0.0007105178374331	0.0620611011981964	-0.0200177133083343	0.0523782465606927	0.0620611011981964
rs7614725	AD	chr3	49612962	-2.999312710016966e-05	-0.0109228454530239	-0.0619505941867828	-0.0396888386458158	0.0619505941867828
rs17649553	PD	chr17	45917282	-0.0005289817927405	-0.0138534307479858	-0.0616709887981414	-0.0002961754798889	0.0616709887981414
rs1582763	AD	chr11	60254475	-4.016954335384071e-06	-0.0298102386295795	-0.0604599565267562	-0.0081653371453285	0.0604599565267562
rs406315	AD	chr19	44880859	-1.1106545571237804e-05	-0.0150493085384368	-0.0604071617126464	-0.0382807478308677	0.0604071617126464
rs35255921	AD	chr19	45004284	0.0	-0.0602951049804687	-0.0014871656894683	-0.0280586592853069	0.0602951049804687
rs8106922	AD	chr19	44898409	0.0034386166807962	0.0045655071735382	0.0119747519493103	0.0601793378591537	0.0601793378591537
rs13246354	AD	chr7	100352383	-3.893437678925693e-06	-0.0597503893077373	-0.0011812597513198	-0.0317353457212448	0.0597503893077373
rs147636938	AD	chr19	44883377	-3.2643729355186224e-06	-0.0595844388008117	-0.0022020936012268	-0.0070732608437538	0.0595844388008117
rs4954162	PD	chr2	134681219	3.740150714293122e-05	-0.0595668256282806	0.0060463547706604	-0.0556839406490325	0.0595668256282806
rs3793947	PD	chr11	83833429	-0.0001222537393914	-0.0591975264251232	-0.039887323975563	-0.0403530439361929	0.0591975264251232
rs16846351	PD	chr1	226659011	0.0344729616772383	0.0591217428445816	-0.0033607184886932	0.0236779153347015	0.0591217428445816
rs62425025	AD	chr6	61136320	-0.0002956682146759	-0.0213243225589394	-0.0580346882343292	-0.0018431949429214	0.0580346882343292
rs9468195	PD	chr6	27708530	8.687464287504554e-06	0.0106962621212005	0.0574549660086631	0.0091190463863313	0.0574549660086631
rs12771445	PD	chr10	120558635	0.0	-0.0353046432137489	-0.0019804537296295	-0.0570426881313324	0.0570426881313324
rs1329444417	AD	chr8	90506149	0.0002168999344576	-0.0033837910741567	-0.0567103289067745	-0.0115221757441759	0.0567103289067745
rs1476682091	AD	chr17	17002395	-0.0002314976882189	-0.0063333213329315	-0.0566441118717193	-0.055104911327362	0.0566441118717193
rs73038319	PD	chr3	18320267	4.016954335384071e-06	0.0057555148378014	0.0565914213657379	0.0146900871768593	0.0565914213657379
rs1951611943	AD	chr12	56656740	8.687464287504554e-06	0.0165852606296539	0.0561945140361785	0.0436535384505987	0.0561945140361785
rs112481437	AD	chr19	45045877	4.3988460674881935e-05	-0.0559074804186821	-0.0422687381505966	-0.0189668834209442	0.0559074804186821
rs3806789	PD	chr4	89838405	-0.0250149145722389	-0.0557367801666259	-0.0007099835202097	-0.0190419573336839	0.0557367801666259
rs1372519	PD	chr4	89836158	0.0235894918441772	0.0041260421276092	0.0556738078594207	0.0059866309165954	0.0556738078594207
rs2280104	PD	chr8	22668467	-0.0555932819843292	0.0057608783245086	0.0053521990776062	0.0017623677849769	0.0555932819843292
rs117896735	PD	chr10	119776815	-8.712857379578054e-06	-0.004663061350584	-0.0554141402244567	-0.0402135290205478	0.0554141402244567
rs365653	AD	chr19	44858389	-2.5099143385887146e-07	0.0099602229893207	0.0553056001663208	0.0055984016507864	0.0553056001663208
rs2042477	PD	chr2	95335195	-0.00028544824454	-0.0031903181225061	0.0549183599650859	0.001697523985058	0.0549183599650859
rs890005603	AD	chr18	21731482	-8.429822628386319e-06	0.0547418594360351	0.0075605511665344	0.0102652013301849	0.0547418594360351
rs66626994	AD	chr19	44924977	0.0	-0.0038181655108928	-0.054606407880783	-0.0101344920694828	0.054606407880783
rs111740474	AD	chr19	44720227	-0.0003767960442928	-0.0014397278428077	-0.0531263798475265	-0.0048733297735452	0.0531263798475265
rs34095326	AD	chr19	44892587	-0.0010788206127472	0.023544505238533	-0.0509103089570999	-0.0526354350149631	0.0526354350149631
rs4803763	AD	chr19	44854034	0.0011195481347385	0.0111815705895423	-0.0014911293983459	-0.052220195531845	0.052220195531845
rs11711441	PD	chr3	183103487	-0.0005292779387673	-0.0518913492560386	-0.0436367392539978	-0.0239469408988952	0.0518913492560386
rs1995381	PD	chr5	76274833	0.0045251846313476	0.0416072253137826	0.0518008973449468	0.0040099970065057	0.0518008973449468
rs56261258	AD	chr19	44646342	0.0056028516846708	0.0516924578696489	0.0267793536186218	0.0190796507522463	0.0516924578696489
rs2075649	AD	chr19	44892073	-0.000248986063525	0.0267744399607181	0.0514410808682441	0.0153551995754241	0.0514410808682441
rs11769559	AD	chr7	143414203	0.0	0.0163899548351764	0.0147768706083297	0.0514135621488094	0.0514135621488094
rs11248060	PD	chr4	970571	0.0013683701399713	0.0020459368824958	-0.0511857420206069	-0.0170768499374389	0.0511857420206069
rs17686238	PD	chr17	45339907	0.0011256519937887	-0.0194957368075847	-0.0483393520116806	-0.0510865096002817	0.0510865096002817
rs572107	AD	chr15	58763611	-4.5515334932133555e-06	0.0274998620152473	-0.002547264099121	0.0509369820356369	0.0509369820356369
rs28624974	PD	chr7	23149317	-0.0033424320863559	-0.0466634333133697	0.0370099544525146	0.050401359796524	0.050401359796524
rs602602	AD	chr15	58764824	7.667164027225226e-06	0.0136106684803962	0.0025498867034912	0.0503633618354797	0.0503633618354797
rs1230863855	AD	chr12	121634293	-0.0104356473311781	-0.0503492057323455	0.013580709695816	-0.0069054663181304	0.0503492057323455
rs1225279127	AD	chr1	143210077	0.0068445578217506	0.0497940853238105	0.0004875073209404	0.0023018447682261	0.0497940853238105
rs3117190	AD	chr6	29411527	-0.00205347238807	-0.0359951145946979	-0.049642339348793	-0.0389224966056644	0.049642339348793
rs111708809	AD	chr16	28993307	0.0	0.0484796799719333	-0.0045637637376785	0.0124909505248069	0.0484796799719333
rs483082	AD	chr19	44912921	-0.0280849452246911	-0.0484019294381141	-0.0149454027414321	-0.0296903997659683	0.0484019294381141
rs12980631	AD	chr19	44862384	0.0	-0.0034509440883994	0.0483652651309967	0.0138614531606435	0.0483652651309967
rs34096562	PD	chr8	16843772	0.0482980995438993	-0.00020457431674	0.0004397146403789	-0.0001899991184473	0.0482980995438993
rs754366	AD	chr19	45130428	0.0079632644774392	0.0464229881763458	-0.0098968148231506	-0.0476990938186645	0.0476990938186645
rs111371860	AD	chr19	44842530	-7.910392014309764e-06	-0.0475563295185565	0.0066573470830917	0.0014700517058372	0.0475563295185565
rs7254892	AD	chr19	44886339	2.692420093808323e-05	-0.0078190825879573	-0.0100376233458518	-0.0474574603140354	0.0474574603140354
rs12651314	PD	chr4	15751947	-0.0036760866641998	-0.0471694245934486	-0.0013463143259286	-0.0259346915408968	0.0471694245934486
rs713522	PD	chr17	45987897	-0.0471543371677398	-0.03900146484375	-0.0200280398130416	0.0149767696857452	0.0471543371677398
rs55923289	AD	chr19	44737327	0.0470564663410186	0.005357950925827	0.0351535975933074	0.0284867286682128	0.0470564663410186
rs2942168	PD	chr17	45637484	-0.0086052348196972	-0.0467819720506668	-0.0028263330459594	-0.0165564119815826	0.0467819720506668
rs10401176	AD	chr19	44750234	-0.0068162782117724	0.022782064974308	-0.0467387437820434	-0.0136592537164688	0.0467387437820434
rs1160984	AD	chr19	44900667	2.6915702619589865e-05	-0.0465706847608089	-0.0002056956291198	-0.0371556431055069	0.0465706847608089
rs4421827	PD	chr12	33974571	0.0	-0.0008003450930118	-0.0464622676372528	-0.0246402844786643	0.0464622676372528
rs373616374	PD	chr1	147564992	0.0014837626367807	0.046243424527347	0.0065710488706827	0.0187108791433274	0.046243424527347
rs867611	AD	chr11	86065502	-0.008595933089964	-0.046051712706685	-0.0020761741325259	-0.0002606031484901	0.046051712706685
rs56131196	AD	chr19	44919589	-2.231719554401934e-05	-0.0053374217823147	-0.0458262786269187	-0.0022399174049496	0.0458262786269187
rs77301115	AD	chr19	44893716	-8.161383448168635e-06	-0.008192703127861	-0.018058106303215	-0.04575215280056	0.04575215280056
rs528521148	PD	chr2	62072723	-0.0134476409293711	-0.0357585549354553	-0.0100796520709991	-0.0457196831703186	0.0457196831703186
rs2251086	PD	chr15	61705186	7.910392014309764e-06	0.031534019857645	0.0035707354545593	0.0455790758132934	0.0455790758132934
rs850738	PD	chr17	44357262	3.296499198768288e-05	0.0173525139689445	0.0074877738952636	0.0454731471836566	0.0454731471836566
rs440446	AD	chr19	44905910	0.0027537673013284	0.0454306676983833	0.0124198645353317	0.0046568214893341	0.0454306676983833
rs204480	AD	chr19	44973854	0.0	0.0009785667061805	-0.0120813846588134	-0.0454251617193222	0.0454251617193222
rs10847864	PD	chr12	122842051	0.0454248203895986	0.0014038980007171	-0.0072305500507354	-0.0031573772430419	0.0454248203895986
rs438811	AD	chr19	44913484	-7.099413778632879e-06	0.0067449286580085	-0.0453053712844848	-0.0172434877604246	0.0453053712844848
rs2086641	PD	chr8	129889663	-0.0286717633716762	0.0248401807621121	0.0452835205942392	0.0019089984707534	0.0452835205942392
rs329648	PD	chr11	133895472	-0.0143172284588217	-0.0092144906520843	-0.0018913745880126	-0.0450601130723953	0.0450601130723953
rs9917256	PD	chr2	168286525	-0.0260968423390295	-0.0450495202094316	-0.0093939192593097	-0.0018222224898636	0.0450495202094316
rs7434295	PD	chr4	169642795	4.016954335384071e-06	-0.0278027355670928	-0.0233886539936065	-0.0448810756206512	0.0448810756206512
rs6846529	AD	chr4	11023507	0.0448661148548126	0.0125279128551483	0.0024111866950988	0.0360116958618164	0.0448661148548126
rs1293298	PD	chr8	11854934	-8.213293040171266e-05	-0.0238869376480579	0.0379806011915206	0.0444169640541076	0.0444169640541076
rs4784227	PD	chr16	52565276	-0.0441662594676017	-0.0440641064196825	-0.0041884966194629	-0.0004579904489219	0.0441662594676017
rs9912362	PD	chr17	45706862	-0.0003459907602518	0.0288641843944787	0.0439405441284179	0.0314345061779022	0.0439405441284179
rs283815	AD	chr19	44887076	0.0	0.0026094745844602	-0.0438490733504295	0.0030351048335433	0.0438490733504295
rs6859	AD	chr19	44878777	0.0002311075077159	0.0437730625271797	0.0142564177513122	0.0054111182689666	0.0437730625271797
rs446037	AD	chr19	44904180	7.146032294258475e-05	0.0435164421796798	0.0074362158775329	0.0096631944179534	0.0435164421796798
rs6808178	PD	chr3	28664199	0.0010109271970577	0.0045572146773338	-0.0433423891663551	-0.002331992611289	0.0433423891663551
rs513043	PD	chr1	156129878	-0.0033016283268807	0.0431587994098663	0.0062280297279357	0.0047903358936309	0.0431587994098663
rs9568188	PD	chr13	49353596	-0.0125179584138095	0.0428890325129032	0.0161936301738023	0.0141163361258804	0.0428890325129032
rs10437796	PD	chr12	33482559	-0.0428792349994182	-0.0188959836959838	0.0001588761806488	-0.0054548978805541	0.0428792349994182
rs1108439	PD	chr3	18159827	0.0126508655957877	0.0356379840523004	0.0427450779825449	0.0242055188864469	0.0427450779825449
rs11672748	AD	chr19	44986934	-4.738933057524264e-06	0.0163591355085372	0.0277568474411964	0.0423154011368751	0.0423154011368751
rs8327	PD	chr17	45395141	0.021829754114151	0.0037072151899337	0.0422746986150741	0.0138151943683624	0.0422746986150741
rs3021439	AD	chr19	44833186	-0.0025207815051544	-0.0016556810587644	-0.0420148149132728	-0.0102894795127213	0.0420148149132728
rs2395163	PD	chr6	32420032	0.0397760987398214	0.0267975814640522	0.0417285542935133	0.0032135266810655	0.0417285542935133
rs74607435	AD	chr19	44732440	-2.1522690076380968e-05	0.0269084461033344	0.0416118428111076	0.0142250098288059	0.0416118428111076
rs55840414	AD	chr19	44840322	-2.9244954930618405e-05	-0.0086564235389232	-0.0383605062961578	-0.0414556041359901	0.0414556041359901
rs189775425	PD	chr11	37312016	0.0	-0.0030266745015978	-0.0413446426391601	-0.0387551207095384	0.0413446426391601
rs1038026	AD	chr19	44901805	0.0	0.0021613780409097	0.0412335991859436	0.034249261021614	0.0412335991859436
rs12600861	PD	chr17	7452302	7.910392014309764e-06	0.0069495141506195	-0.0027274340391159	0.0410033725202083	0.0410033725202083
rs28399637	AD	chr19	44820881	-9.787268936634064e-06	-0.018070176243782	0.0010568350553512	-0.0407819151878356	0.0407819151878356
rs157583	AD	chr19	44893416	0.0021750013111159	0.0226120874285697	-0.0407052040100097	-0.0218556299805641	0.0407052040100097
rs7359852	AD	chr19	44832778	0.0	0.0031162723898887	0.0406802594661712	0.0181268323212862	0.0406802594661712
rs148601586	AD	chr19	44843409	0.0120460093021392	-0.0257996171712875	-0.0048793256282806	0.0406599193811416	0.0406599193811416
rs183427010	AD	chr19	44863241	-0.0004052092554047	-0.0227859243750572	-0.0308338552713394	-0.0400079526007175	0.0400079526007175
rs1229916131	AD	chr5	142336719	0.0	-0.0016064681112766	-0.0101960152387619	-0.0392674505710601	0.0392674505710601
rs143918452	PD	chr3	52782824	-0.001855317299487	0.0392475947737693	0.0107679665088653	-0.0210692882537841	0.0392475947737693
rs2965162	AD	chr19	44695666	-0.0001669010671321	-0.0289721339941024	-0.0101926773786544	-0.0386648178100585	0.0386648178100585
rs73052307	AD	chr19	44881148	-9.283074177801608e-05	0.0031695514917373	0.0262625664472579	0.0386391282081604	0.0386391282081604
rs1035837513	AD	chr1	46337088	-9.24743653740734e-06	-0.0167214684188365	-0.0050309598445892	-0.0385742150247097	0.0385742150247097
rs4698412	PD	chr4	15735725	0.0017570555210113	-0.0385431945323944	-0.0143217742443084	-0.0051173567771911	0.0385431945323944
rs11941559	PD	chr4	15564251	4.275905666872859e-06	0.0073418747633695	0.0385242849588394	0.0135276168584823	0.0385242849588394
rs138895122	PD	chr12	33075690	4.433910362422466e-05	-0.0031274445354938	0.0176112204790115	-0.0376348793506622	0.0376348793506622
rs41290120	AD	chr19	44879418	0.0	-0.0110871084034442	0.004203662276268	-0.0374491512775421	0.0374491512775421
rs34884217	PD	chr4	950422	-1.4373683370649816e-05	0.0089236535131931	0.0372883975505828	0.0165411755442619	0.0372883975505828
rs57891859	PD	chr2	134707046	-0.0007842415943741	-0.0368672609329223	0.0055285692214965	0.0010114610195159	0.0368672609329223
rs10119	AD	chr19	44903416	0.0305831432342529	-0.0368114411830902	-0.0096617937088012	-0.0045727789402008	0.0368114411830902
rs62066707	PD	chr17	45196625	1.2831893400289118e-05	0.0090243816375732	0.0367506444454193	0.021254364401102	0.0367506444454193
rs12691088	AD	chr19	44915229	0.0012868847697973	0.0152129232883453	-0.0026848316192626	-0.0367412120103836	0.0367412120103836
rs1474055	PD	chr2	168253884	-6.420465069822967e-06	-0.0367261841893196	-0.0260379016399383	-0.0304208397865295	0.0367261841893196
rs148534175	PD	chr17	62120839	-3.886889317072928e-05	-0.0365626215934753	-0.0012189447879791	-0.0031897872686386	0.0365626215934753
rs11557080	PD	chr1	205768611	-3.773726348299533e-06	-0.0062807463109493	0.0171471238136291	-0.036499761044979	0.036499761044979
rs113564729	PD	chr17	46101729	-4.016954335384071e-06	-0.0015701968222856	-0.0363013744354248	-0.0199415888637304	0.0363013744354248
rs62053943	PD	chr17	45666837	-0.0002987426705658	-0.0147440209984779	-0.0040787160396575	-0.0362544059753418	0.0362544059753418
rs666463	PD	chr17	78429399	-0.0011442706454545	-0.0362100675702095	-0.0158137679100036	0.0009765625	0.0362100675702095
rs9783733	PD	chr15	23923803	-0.0361326560378074	-0.0003445553593337	0.0	-6.199907511472702e-05	0.0361326560378074
rs11578699	PD	chr1	171750629	-4.1444291127845645e-06	-0.0023200865834951	-0.0359778776764869	-0.0298384949564933	0.0359778776764869
rs141772267	PD	chr21	41815851	-0.0063934408535715	-0.0348148196935653	-0.0357464998960495	-0.0140041708946228	0.0357464998960495
rs10407439	AD	chr19	44838691	-1.4092307537794111e-05	0.0053055100142955	-0.0357270538806915	0.0121808238327503	0.0357270538806915
rs7314457	AD	chr12	34301366	-0.0019689809851115	-0.0355215966701507	-0.0087076127529144	-0.0179183185100555	0.0355215966701507
rs79701229	AD	chr19	44881674	3.4563548979349434e-05	-0.0121058672666549	-0.0189997553825378	-0.034800186753273	0.034800186753273
rs58446550	AD	chr19	44825123	3.557508171070367e-05	-0.0197316389530897	-0.0347889587283134	-0.0015238868072628	0.0347889587283134
rs9461359	PD	chr6	27331788	0.0	0.0347686316817998	0.0193196441978216	0.0023075467906892	0.0347686316817998
rs1311911699	AD	chr14	78832014	0.0039700035122223	0.0346701070666313	0.0173196764662861	0.0064526880159974	0.0346701070666313
rs28903073	PD	chr12	40259708	-0.0345907359151169	-0.0003192839212715	7.299985736608505e-05	-0.0001434758305549	0.0345907359151169
rs1053968571	AD	chr11	105515895	-0.0023357754689641	-0.0182377099990844	-0.010374516248703	-0.0343631505966186	0.0343631505966186
rs1749409	PD	chr1	155900625	0.0002360669750487	-0.0158236287534236	-0.0342532247304916	-0.0045458325184881	0.0342532247304916
rs708726	PD	chr1	205793011	-0.0119765787385404	0.0342519283294677	0.0233545899391174	0.005222026258707	0.0342519283294677
rs9267659	PD	chr6	31878457	0.0001200013939524	0.0042663775384426	0.0030422210693359	0.0341457277536392	0.0341457277536392
rs969036491	AD	chr19	4450003	-0.0003268205618951	0.0341116115450859	-0.0172154009342193	0.010705143213272	0.0341116115450859
rs162227	PD	chr5	60964716	-0.0001194321375805	0.0185842588543891	-0.0202747285366058	-0.0339987576007843	0.0339987576007843
rs150966173	AD	chr19	44917947	4.088919376954436e-05	0.0175084695219993	0.0339521169662475	0.0009630173444747	0.0339521169662475
rs6825004	PD	chr4	76189212	-0.0006163973303046	-0.0010353503748774	-0.0064441710710525	-0.0338860391639173	0.0338860391639173
rs71628699	PD	chr1	155974835	0.033542743884027	-0.0241870582103729	-0.0055232346057891	0.0015158355236053	0.033542743884027
rs187989831	PD	chr2	94894760	3.0856317607685924e-06	0.0133185386657714	0.0120470523834228	0.0334025025367736	0.0334025025367736
rs8018800	PD	chr14	54986588	-0.0020040204981341	0.0145897679030895	0.0324268573895096	0.0019283755682408	0.0324268573895096
rs4803772	AD	chr19	44925202	-4.1444291127845645e-06	-0.0028038397431373	0.0322385728359222	-0.0180559791624546	0.0322385728359222
rs59007384	AD	chr19	44893408	-0.0002022997941821	0.011318452656269	-0.0320137739181518	-0.0077389776706695	0.0320137739181518
rs56394238	AD	chr19	44832419	0.0	0.0011702608317136	0.0319596827030181	0.0026119798421859	0.0319596827030181
rs9360446	AD	chr6	62452952	-0.0316831958480179	0.0012050149962306	0.0002077706158161	6.592832505702972e-05	0.0316831958480179
rs28399664	AD	chr19	44821499	-0.0104976054280996	0.0093982815742492	-0.0159085541963577	-0.0315565466880798	0.0315565466880798
rs141622900	AD	chr19	44923535	0.0	-0.0050261914730072	-0.0239627212285995	-0.0314812306314706	0.0314812306314706
rs4515954	AD	chr11	54642813	3.893437678925693e-06	-0.0023867879062891	0.0007271468639373	0.0313836634159088	0.0313836634159088
rs34404554	AD	chr19	44892652	1.8959326553158465e-05	0.004893347620964	-0.0134584754705429	-0.0311851054430007	0.0311851054430007
rs1324865687	AD	chr1	218561848	0.0	0.0081162229180336	-0.0074390172958374	0.0311164408922195	0.0311164408922195
rs4803764	AD	chr19	44854120	3.546370135154575e-05	0.0121021196246147	0.0095004439353942	0.0307670533657073	0.0307670533657073
rs387369	AD	chr19	44859997	0.0016697128303349	-0.030546324327588	-0.0141322370618581	-0.0066048558801412	0.030546324327588
rs187370608	AD	chr6	40974457	-6.546081567648798e-05	-0.0006037531420588	-0.0305358571931719	-0.0003785341978073	0.0305358571931719
rs71352238	AD	chr19	44891079	-0.0096901953220367	-0.003612607717514	-0.0304431319236755	-0.0016299188137054	0.0304431319236755
rs114536010	AD	chr19	44897468	9.55839641392231e-06	-0.0018486455082893	-0.0177211537957191	-0.0303435288369655	0.0303435288369655
rs2619341	PD	chr4	89820622	0.0003052222018595	0.0013680402189493	0.0295671559870243	0.0008401931263506	0.0295671559870243
rs1078514	PD	chr13	109810821	-0.0167008158750832	-0.0161774158477783	-0.0045967698097229	-0.0294765830039978	0.0294765830039978
rs867230	AD	chr8	27610986	-0.0001430847187293	-0.0294324085116386	0.0242632329463958	-0.0015648901462554	0.0294324085116386
rs79483792	PD	chr4	89582510	0.0293425410054624	0.0012349784374237	0.0031334105879068	0.0003004907630383	0.0293425410054624
rs6476434	PD	chr9	34046393	0.0	-0.0049018636345863	-0.014693260192871	-0.029341846704483	0.029341846704483
rs365825	PD	chr17	45628235	-0.0263849380426108	-0.0293269753456115	0.0058088898658752	0.0019008517265319	0.0293269753456115
rs11787077	AD	chr8	27607795	-8.29286000225693e-06	-0.0082904528826475	0.029245913028717	-0.0121656954288482	0.029245913028717
rs12459575	AD	chr19	44838647	-4.377443110570311e-05	-0.0292455404996871	-0.0087435841560363	-0.0029914565384387	0.0292455404996871
rs2965169	AD	chr19	44747899	0.0292129963636398	-0.0040879398584365	-0.0090903118252754	0.001867264509201	0.0292129963636398
rs12972156	AD	chr19	44884202	8.161383448168635e-06	-0.000836819410324	-0.0291092842817306	-0.0005952725186944	0.0291092842817306
rs10792832	AD	chr11	86156833	0.0012117043661419	0.0291010960936546	0.0105764381587505	0.0013261893764138	0.0291010960936546
rs139997344	AD	chr19	44799020	0.0022953759180381	-0.0005551874637603	-0.0095699876546859	-0.0288887470960617	0.0288887470960617
rs769449	AD	chr19	44906745	0.0022933965083211	0.0288770496845245	0.0026498734951019	-0.0027901232242584	0.0288770496845245
rs769450	AD	chr19	44907187	0.0001726942573441	0.0021672025322914	-0.0287986397743225	-0.0136274471879005	0.0287986397743225
rs519113	AD	chr19	44873027	-0.0031992772128432	-0.0056551247835159	-0.0205435752868652	-0.0284284949302673	0.0284284949302673
rs11150601	PD	chr16	30966478	0.0004996359057258	0.0282018929719924	0.0119301229715347	0.0038756132125854	0.0282018929719924
rs946244174	AD	chr1	44952782	-4.4029438868165016e-05	0.0279678553342819	-0.0044998824596405	-0.0024727880954742	0.0279678553342819
rs565566	AD	chr19	44867313	0.0	0.0072927139699459	0.0276152193546295	0.0067065954208374	0.0276152193546295
rs1355114191	AD	chr10	39565455	0.0276053483830764	-0.0026680333539843	-0.000736029818654	-0.0001646783202886	0.0276053483830764
rs34133110	PD	chr16	50710008	6.629183189943433e-06	-0.0166045315563678	-0.0263226330280303	-0.0275469794869422	0.0275469794869422
rs2279590	AD	chr8	27598736	0.0001719639694783	-0.0097849667072296	0.0017153620719909	0.0273110270500183	0.0273110270500183
rs905342119	AD	chr19	44827852	-8.161383448168635e-06	-0.0270196348428726	0.0139930844306945	-0.007072739303112	0.0270196348428726
rs2075650	AD	chr19	44892362	0.0269853845238685	-0.0002400502562522	0.0179749131202697	0.0148156657814979	0.0269853845238685
rs145330152	PD	chr1	155401328	0.0	0.0038628913462162	0.0269392430782318	0.0012278296053409	0.0269392430782318
rs10437655	AD	chr11	47370397	-1.0836956789717078e-06	-0.0133532006293535	-0.0266284197568893	-0.0140978209674358	0.0266284197568893
rs34874378	AD	chr19	45013623	-1.1803829693235455e-05	-0.0263027101755142	-0.0070297420024871	-0.0176922231912612	0.0263027101755142
rs7256200	AD	chr19	44912678	-4.016954335384071e-06	-0.0259541906416416	0.0138382613658905	-0.008118599653244	0.0259541906416416
rs34878901	AD	chr19	44899220	0.0	-0.0002668537199497	-0.0258542001247406	-0.0009331246837973	0.0258542001247406
rs8091977	PD	chr18	33779450	-0.0002641881146701	0.0258068144321441	-0.0029715709388256	0.0001832609996199	0.0258068144321441
rs61679753	AD	chr19	44897490	0.0	-0.012831661850214	-0.0058312565088272	0.025749497115612	0.025749497115612
rs510297	AD	chr19	44867416	-8.420334779657423e-06	5.198456346988678e-05	-0.0257076621055603	-0.0037059485912323	0.0257076621055603
rs75541595	PD	chr4	90290373	0.0255173463374376	-0.0005729529075324	-7.191114127635956e-05	-6.199907511472702e-05	0.0255173463374376
rs1015482461	AD	chr1	15860133	-8.29286000225693e-06	-0.0014691017568111	0.0072364509105682	0.0253086537122726	0.0253086537122726
rs61204179	PD	chr17	60061921	-0.0251313149929046	-0.0002101641148328	0.0017355633899569	-7.118750363588333e-05	0.0251313149929046
rs12461065	AD	chr19	45102050	0.0007679586269659	0.0246762558817863	0.002202421426773	-0.0007655620574951	0.0246762558817863
rs112019714	AD	chr19	44901600	0.0	0.0117122158408164	0.0055722966790199	0.0246566338464617	0.0246566338464617
rs4140646	PD	chr6	27771022	0.0245573468273505	0.0010493816807866	-0.0095701208338141	-0.0002006175927817	0.0245573468273505
rs79503702	PD	chr14	49739452	-0.0244398778304457	-0.0008983481675386	-0.0006250813603401	-0.000131856650114	0.0244398778304457
rs4663105	AD	chr2	127133851	-4.1444291127845645e-06	0.012232419103384	0.0243363231420516	0.0045409956946969	0.0243363231420516
rs190712692	AD	chr19	44921921	-0.022763043642044	0.0242247842252254	-0.0010224133729934	-0.0058490931987762	0.0242247842252254
rs4803770	AD	chr19	44924096	-0.0156746972352266	0.006587928161025	-0.0240635126829147	-0.011485518887639	0.0240635126829147
rs10415392	AD	chr19	45216532	5.015636270400137e-05	-0.001311806961894	-0.0037525817751884	-0.0235210098326206	0.0235210098326206
rs10748818	PD	chr10	102255522	0.0	-0.0002940511330962	0.0233755046501755	-0.0002101780846714	0.0233755046501755
rs1956438	PD	chr14	37539010	-8.161383448168635e-06	-0.0071338564157485	-0.005675584077835	-0.0231582969427108	0.0231582969427108
rs55818311	PD	chr19	2341049	-0.0002092701615765	-0.0188322961330413	0.0007485374808311	-0.0231207758188247	0.0231207758188247
rs73052335	AD	chr19	44916825	0.0	0.0032570585608482	0.0230308547616004	0.0004430818371474	0.0230308547616004
rs199515	PD	chr17	46779275	0.0051003247499465	-0.0229994654655456	-0.0115492939949035	-0.0076741576194763	0.0229994654655456
rs117267308	PD	chr15	63054177	0.0031875373097136	-0.0145286172628402	0.022936463356018	0.0085355788469314	0.022936463356018
rs1305062	AD	chr19	44902264	7.191119948402047e-06	0.0048044696450233	0.0101245641708374	-0.0228426605463027	0.0228426605463027
rs148528915	PD	chr17	62048221	0.0	-0.003615491092205	-0.0020288527011871	-0.0227438360452651	0.0227438360452651
rs1242199581	AD	chr3	192900736	-6.523083720821887e-05	-0.0189328417181968	-0.0214456915855407	-0.0227341204881668	0.0227341204881668
rs1065853	AD	chr19	44909976	-8.018556400202215e-06	-0.003458984196186	-0.0050953701138496	-0.0226662904024124	0.0226662904024124
rs113434679	PD	chr17	46049399	-0.0011715469590853	-0.0226189419627189	-0.0088163614273071	-0.0145200118422508	0.0226189419627189
rs520283	AD	chr19	44864825	6.361899431794882e-05	0.002239890396595	-0.0207452028989791	-0.0224813111126422	0.0224813111126422
rs3925681	AD	chr19	44917843	0.0	-0.0026458427309989	-0.0165330097079277	-0.0223991815000772	0.0223991815000772
rs10221156	PD	chr16	52935514	-0.0109474044293165	0.0223654210567474	0.0045367181301116	-0.0101498067378997	0.0223654210567474
rs76116224	PD	chr2	17966582	0.0005057434027548	0.0026956293731927	0.0221628583967685	-0.015253197401762	0.0221628583967685
rs7767350	AD	chr6	47517390	-1.2580901966430249e-05	-0.0220560897141695	-0.0079216957092285	-0.0087541043758392	0.0220560897141695
rs3742785	PD	chr14	74906331	0.0003844153834506	0.0025260150432586	0.0220445320010185	0.0096966177225112	0.0220445320010185
rs140278703	PD	chr3	183034255	0.0	0.0220231786370277	0.0080384016036987	0.0192922800779342	0.0220231786370277
rs2693062	AD	chr6	58351159	0.0011521037667989	-0.0214691748842597	9.839795529842375e-05	-0.000263727735728	0.0214691748842597
rs7221167	PD	chr17	45855941	0.0214281599037349	0.0019700741395354	0.0018963832408189	-0.0012401500716805	0.0214281599037349
rs369720737	PD	chr4	155285482	0.0001042187941493	-0.0035966467112302	-0.0213317647576332	-0.0004039402119815	0.0213317647576332
rs59330234	PD	chr2	56375408	-0.0212466120719909	0.0008269902318716	0.0014519738033413	5.805306136608124e-05	0.0212466120719909
rs34043159	PD	chr2	101796654	-0.021162524819374	-0.000344487838447	0.0	-0.0002593449316918	0.021162524819374
rs11673139	AD	chr19	44879780	0.0003856000839732	-0.0114142075181007	-0.0006231367588043	-0.0210098475217819	0.0210098475217819
rs73223431	AD	chr8	27362470	4.275905666872859e-06	-0.0102141704410314	-0.0207169130444526	-0.0069023612886667	0.0207169130444526
rs873786	PD	chr4	931588	-0.0060608051717281	0.0021683424711227	-0.0206649154424667	-0.0063227713108062	0.0206649154424667
rs1870293	PD	chr16	30959620	0.0008289793913718	0.0205519534647464	0.0135166198015213	0.0073642283678054	0.0205519534647464
rs11248051	PD	chr4	864544	0.0185845494270324	0.0035244226455688	-0.0120229572057724	-0.0204479396343231	0.0204479396343231
rs157580	AD	chr19	44892009	-0.0027440404519438	-0.005107432603836	0.0007524490356445	-0.0201874673366546	0.0201874673366546
rs147711004	AD	chr19	44834661	-2.4248030968010426e-05	-0.0048694983124732	-0.0201835706830024	-0.0101569704711437	0.0201835706830024
rs261291	AD	chr15	58387979	-0.0122937285341322	0.0201065838336944	-0.0123594105243682	-0.0164177902042865	0.0201065838336944
rs34372695	PD	chr1	156060246	-9.843453881330788e-06	-0.0200892686843872	-0.005906481295824	0.0001295953989028	0.0200892686843872
rs112422902	AD	chr19	44865946	-3.347200981806964e-05	-0.002072274684906	-0.019980564713478	-0.0145298317074775	0.019980564713478
rs3802920	PD	chr11	133917106	-0.0023099724930943	-0.0120670944452285	-0.0199323669075965	-0.0119525082409381	0.0199323669075965
rs418227	AD	chr19	44858568	0.0	-0.0009805373847484	-0.0039889216423034	0.0197029784321784	0.0197029784321784
rs1038025	AD	chr19	44901715	3.893437678925693e-06	0.0015091393142938	0.0027726739645004	0.0196655765175819	0.0196655765175819
rs2295545	PD	chr20	3184040	-0.0196069423109293	-0.0002206554636359	-0.0002595735713839	-1.1432450264692308e-05	0.0196069423109293
rs11729193	PD	chr4	740563	0.0001390352845191	-0.0063722431659698	-0.002784252166748	0.0195848196744918	0.0195848196744918
rs41289512	AD	chr19	44848259	-0.0028956597670912	0.0057829022407531	0.0144232958555221	0.0195775032043457	0.0195775032043457
rs2764407	PD	chr1	156364040	6.512072286568582e-05	-0.0012805983424186	-0.0194357130676507	-0.0019658785313367	0.0194357130676507
rs1661880714	AD	chr1	46337077	0.0	0.0004572868347167	0.006917655467987	-0.0187892615795135	0.0187892615795135
rs9468199	PD	chr6	27713436	-0.0101084850030019	-0.0140137579292058	-0.0184346213936805	-0.0019401456229388	0.0184346213936805
rs11931074	PD	chr4	89718364	-5.1587820053100586e-05	-0.0063536204397678	-0.0183465722948312	-0.0044108941219747	0.0183465722948312
rs57465754	AD	chr19	44973974	0.0	-0.0063182804733514	-0.0183338969945907	-0.0010732281953096	0.0183338969945907
rs34400130	PD	chr14	102973017	-0.000877938728081	-0.0178790390491485	-0.0053993165493011	-0.0048961341381073	0.0178790390491485
rs9331896	AD	chr8	27610169	-0.0016002334596123	-0.0105241239070892	0.0082780122756958	-0.0176394581794738	0.0176394581794738
rs1347265103	AD	chr17	62235981	0.0	0.0175355896353721	0.0003023296594619	0.0130648910999298	0.0175355896353721
rs115881343	AD	chr19	44899959	-8.923071436583996e-05	0.0115739591419696	0.0172802358865737	0.0007853209972381	0.0172802358865737
rs7384878	AD	chr7	100334426	0.011371836066246	-0.0170655567198991	-0.0138888005167245	-4.01986762881279e-05	0.0170655567198991
rs157591	AD	chr19	44920677	-8.96309211384505e-06	-0.0041511096060276	-0.0003066807985305	-0.0170643888413906	0.0170643888413906
rs79398853	AD	chr19	44895528	0.0	-0.0145188122987747	-0.0165754593908786	-0.0013336054980754	0.0165754593908786
rs145274312	PD	chr7	97841613	4.411558620631695e-06	0.0136549025774002	0.007989078760147	-0.0165169537067413	0.0165169537067413
rs10847839	PD	chr12	122838013	-0.0161042460531462	0.0033314228057861	0.00374037027359	-0.0003516376018524	0.0161042460531462
rs75290815	AD	chr11	47175602	-0.0129266842268407	0.009697139263153	-0.0160721242427825	-0.0122240334749221	0.0160721242427825
rs61169879	PD	chr17	61840005	-0.0001851489359978	-0.0091142104938626	-0.0159840658307075	-0.0026787612587213	0.0159840658307075
rs4844610	AD	chr1	207629207	-0.0113984246272593	0.0159397516399621	0.0056580584496259	0.0008378978818655	0.0159397516399621
rs393152	PD	chr17	45641777	-0.0002949816698674	0.0158946514129638	0.0151644647121429	0.0119600892066955	0.0158946514129638
rs199347	PD	chr7	23254127	-0.0002610645315144	0.0020122062414884	0.0098932795226573	0.0158057049848139	0.0158057049848139
rs12598456	AD	chr16	70642575	1.5054334653541446e-05	-0.0111573562026023	-0.0128101706504821	-0.0157876461744308	0.0157876461744308
rs148734725	AD	chr3	49369275	0.0	-0.0133829303085803	-0.0044858008623123	-0.0155730564147233	0.0155730564147233
rs35396326	AD	chr19	44853746	0.0	-0.0014494322240352	-0.015561930835247	0.0011663362383842	0.015561930835247
rs75614365	PD	chr4	185776395	0.0009593712165951	0.0061436295509338	-0.0154428966343402	-0.0151709616184234	0.0154428966343402
rs4713118	PD	chr6	27709015	0.0153970899991691	0.0093638459220528	0.0025705322623252	0.0001804856583476	0.0153970899991691
rs10518182	PD	chr4	77835861	0.0153619562333915	0.000397341325879	0.000156789086759	-6.903661414980888e-05	0.0153619562333915
rs140820592	PD	chr16	31010559	-0.0076166689395904	-0.0153437554836273	0.0124391615390777	0.0	0.0153437554836273
rs111789331	AD	chr19	44923868	0.0	-0.0001294389367103	0.0153326243162155	0.0118165574967861	0.0153326243162155
rs559557961	PD	chr3	127563982	-3.2844982342794538e-06	-0.0023627988994121	-0.0104576349258422	-0.0151166655123233	0.0151166655123233
rs449647	AD	chr19	44905307	0.0	0.0056358985602855	0.0032092034816741	0.0150699168443679	0.0150699168443679
rs9607782	AD	chr22	41191552	0.0	0.00051099807024	0.0149491727352142	-0.0043893158435821	0.0149491727352142
rs6593808	PD	chr1	147747118	3.893437678925693e-06	-0.0009516356512904	-0.0149381030350923	-0.0014216555282473	0.0149381030350923
rs11665676	AD	chr19	44875462	0.0	-0.0132146887481212	-0.014788694679737	0.0075086504220962	0.014788694679737
rs1646657652	AD	chr1	9702141	-0.000191819272004	-0.0147210657596588	0.0104688853025436	-0.0058660488575696	0.0147210657596588
rs6857	PD	chr19	44888997	0.0011479325476102	-0.0145900472998619	-0.0094578266143798	-0.0083582699298858	0.0145900472998619
rs6857	AD	chr19	44888997	0.0011479325476102	-0.0145900472998619	-0.0094578266143798	-0.0083582699298858	0.0145900472998619
rs34773022	PD	chr12	122638867	-0.0069155124947428	-0.0143131129443645	-0.0039725396782159	-0.0017851474694907	0.0143131129443645
rs595290	AD	chr19	45205150	-0.0008757351897656	0.0106223039329051	0.0138346143066883	-0.0006873146630823	0.0138346143066883
rs73273590	PD	chr12	40861076	-0.0137778765638358	0.0008996231481432	-0.00019396468997	8.171005174517632e-05	0.0137778765638358
rs5117	AD	chr19	44915533	1.547645661048591e-05	0.0136143863201141	0.0037876665592193	0.011084921658039	0.0136143863201141
rs6803771	PD	chr3	151395180	8.473830530419946e-05	-0.0058144815266132	-0.0028351638466119	-0.0135209523141384	0.0135209523141384
rs6733839	AD	chr2	127135234	-0.0133324466878548	0.0009012855589389	0.0008004680275917	-0.0020093917846679	0.0133324466878548
rs188535946	AD	chr19	44921809	-0.0092908300721319	-0.0011893138289451	0.0133287608623504	-0.0031887888908386	0.0133287608623504
rs944659757	AD	chr2	65446107	0.0	-0.0122053623199462	0.0015736818313598	-0.0133277922868728	0.0133277922868728
rs113321260	AD	chr19	45147979	-8.420334779657423e-06	-0.0037168525159358	0.0049447119235992	-0.0133043490350246	0.0133043490350246
rs56317818	AD	chr19	44856329	-6.0607490013353527e-05	0.0132409445941448	0.0037389434874057	0.0024392856284976	0.0132409445941448
rs12461144	AD	chr19	45220448	-4.275905666872859e-06	-0.0005737785249948	-0.0132029578089714	0.001082100905478	0.0132029578089714
rs938331976	AD	chr2	241488609	0.0	0.0023045279085636	0.0075660943984985	0.0128856003284454	0.0128856003284454
rs4910150	PD	chr11	10511626	-0.0128790218004724	0.0029564443975687	-0.0004130005836486	-0.0012197662144899	0.0128790218004724
rs11668327	AD	chr19	44895376	0.0	0.0126866735517978	-0.0069599449634552	-0.0094083473086357	0.0126866735517978
rs8012377	PD	chr14	55724695	-0.0126435258425772	-0.0006603393703699	-0.0005827769637107	-0.0005107098259031	0.0126435258425772
rs1532276	AD	chr8	27608640	-0.0108628869056701	0.0035395324230194	0.0125448405742645	-0.0019170045852661	0.0125448405742645
rs11667241	AD	chr19	44834247	-1.2054821127094328e-05	-0.0009085452184081	-0.0124837271869182	-0.0006229765713214	0.0124837271869182
rs10756905	PD	chr9	17726890	-0.0123950961278751	-0.0007488513365387	-0.000698466785252	-0.0009823669679462	0.0123950961278751
rs12951632	PD	chr17	42588995	-2.409020089544356e-05	0.0061906576156616	-0.0093908309936523	0.0122340470552444	0.0122340470552444
rs1303095550	AD	chr11	9384187	-0.0032904669642448	-0.003509372472763	-0.0076851248741149	-0.0121227204799652	0.0121227204799652
rs405509	AD	chr19	44905579	0.0093987267464399	0.012082353234291	-0.012118637561798	0.0066122710704803	0.012118637561798
rs62333164	PD	chr4	169662006	0.0121151740022469	-0.0001142369583249	-0.0001339167356491	0.0	0.0121151740022469
rs11130222	AD	chr3	49863627	-0.0085350150475278	0.0118927359580993	0.0091045498847961	-0.0047065913677215	0.0118927359580993
rs58132661	AD	chr19	44825110	4.670509952120483e-06	-0.0118883568793535	-0.0024237558245658	-0.0002669813111424	0.0118883568793535
rs114525519	PD	chr1	155179361	1.3798970030620694e-05	0.0096106678247451	-0.0118878185749053	-0.001904472708702	0.0118878185749053
rs74125032	PD	chr13	110677242	0.0002185182238463	0.0	-0.011797159910202	-0.00387404859066	0.011797159910202
rs111784051	AD	chr19	44899005	-8.161383448168635e-06	-0.0115480422973632	-0.0027300268411636	0.0068526435643434	0.0115480422973632
rs2436474	AD	chr19	44859012	-1.2437289115041494e-05	-0.0113336220383644	-0.0004901587963104	0.0001247823238372	0.0113336220383644
rs34800911	AD	chr19	45004413	1.2437289115041494e-05	0.0112586468458175	-0.0005673170089721	0.0028173197060823	0.0112586468458175
rs8113128	AD	chr19	45197399	0.0	0.002543369308114	0.0112209469079971	0.0075798816978931	0.0112209469079971
rs62118504	AD	chr19	45231493	1.8109261873178184e-05	0.0112040247768163	0.0102154742926359	0.0036256546154618	0.0112040247768163
rs11783129	PD	chr8	22595913	0.0	-0.0022503938525915	-0.01117355376482	-0.0078238444402813	0.01117355376482
rs406456	AD	chr19	44879460	0.0	0.0015197768807411	0.0110983699560165	-0.0094756036996841	0.0110983699560165
rs1385742	AD	chr6	47627419	0.0110229479614645	0.0	0.0	6.592832505702972e-05	0.0110229479614645
rs12151021	AD	chr19	1050875	0.0004506780096562	0.0023643895983695	0.0109916739165782	-0.0023545697331428	0.0109916739165782
rs10792831	AD	chr11	86141937	0.0023833233863115	-0.0008724108338356	-0.0109810512512922	-0.0012474819086492	0.0109810512512922
rs947211	PD	chr1	205783537	0.0109590590000152	0.0026866141706705	0.0035401172935962	0.0026815701276063	0.0109590590000152
rs35902694	PD	chr1	155070410	-0.0016925930976867	5.319714546203613e-05	-0.0109534263610839	-0.0023233592510223	0.0109534263610839
rs7630869	AD	chr3	49485110	4.9461377784609795e-06	-0.0067588463425636	-0.005366712808609	-0.0109035745263099	0.0109035745263099
rs75859381	PD	chr6	132889222	0.010790483749588	0.0001819767057895	0.0004963092505931	0.0003284411504864	0.010790483749588
rs564724	AD	chr19	44867392	0.0	0.0012033842504024	0.0104877203702926	0.0064153391867876	0.0104877203702926
rs28659953	PD	chr12	123427666	0.0	0.000935036689043	-0.0104855000972747	0.0009392276406288	0.0104855000972747
rs1561758	PD	chr14	88021226	-0.0016509835841134	-0.0103653222322463	-0.0002932846546173	0.0065614283084869	0.0103653222322463
rs55961674	PD	chr3	122478045	-4.1444291127845645e-06	-0.0002908185124397	-0.010328322649002	-0.0076922923326492	0.010328322649002
rs11218343	AD	chr11	121564878	-4.411558620631695e-06	0.0001633800566196	-0.0102034732699394	-0.0075190067291259	0.0102034732699394
rs5848	AD	chr17	44352876	-0.0001052389998221	0.0028083398938179	0.0064912885427474	0.0101981461048126	0.0101981461048126
rs12590654	AD	chr14	92472511	-0.007201517582871	-0.0101694175973534	-0.0024450179189443	-0.0012683533132076	0.0101694175973534
rs6710823	PD	chr2	134834811	-0.0001715084654279	-0.0014964956790208	-0.0101610776036977	-0.0019787959754467	0.0101610776036977
rs114138760	PD	chr1	154925709	0.0	0.0019980184733867	-0.0100905895233154	0.0029016137123107	0.0100905895233154
rs3851179	AD	chr11	86157598	0.0003319610550533	0.0100801391527056	0.0074301604181528	0.0005763811059296	0.0100801391527056
rs8118008	PD	chr20	3187520	-7.667164027225226e-06	0.0055216457694768	0.0099996626377105	0.0041023483499884	0.0099996626377105
rs78738012	PD	chr4	113439216	0.0003820265264948	0.0026018992066383	0.0098982462659478	0.0030686007812619	0.0098982462659478
rs346757	AD	chr19	45222190	1.2831893400289118e-05	-0.004026748239994	-0.0098220482468605	-0.000429879873991	0.0098220482468605
rs6904307	AD	chr6	57256886	-0.0093789951934013	0.0013508033007383	0.0020788665860891	0.0011205873452126	0.0093789951934013
rs60049679	AD	chr19	44926451	0.0	0.0033580735325813	-0.0093714296817779	-0.0035111457109451	0.0093714296817779
rs367670643	AD	chr11	60201232	2.0993276848457754e-05	4.230812191963196e-05	0.0093311704695224	-0.0031224861741065	0.0093311704695224
rs117615688	PD	chr17	45720942	0.0093117288779467	-0.0019811894744634	-0.0027805399149656	-1.8695369362831116e-05	0.0093117288779467
rs555608	AD	chr19	44861815	-0.0001549197913846	0.0026702806353569	0.0092449896037578	0.0009253085590898	0.0092449896037578
rs375972689	AD	chr19	44857231	4.5515334932133555e-06	0.0013858340680599	0.0091284699738025	0.0050994660705327	0.0091284699738025
rs144814361	PD	chr10	119651405	0.0008133649826049	0.0016309022903442	-0.0091055035591125	3.218650817871094e-05	0.0091055035591125
rs2178923	PD	chr10	119699575	-5.668253288604319e-05	-0.0015818253159523	-0.0089265964925289	-0.0007768436335027	0.0089265964925289
rs679515	AD	chr1	207577223	4.275905666872859e-06	-0.0088673522695899	0.0063244104385375	-0.0042150057852268	0.0088673522695899
rs283813	AD	chr19	44885917	-0.001529337503598	-0.00325807929039	-0.0088164657354354	0.0066355913877487	0.0088164657354354
rs35161831	PD	chr1	156330940	0.0	0.0024275388568639	0.005184032022953	0.0086943134665489	0.0086943134665489
rs896435	PD	chr10	15515407	-0.0085493326187133	-0.0018021166324615	0.0004734694957733	-0.001367449760437	0.0085493326187133
rs2927468	AD	chr19	44854682	3.893437678925693e-06	0.0084294825792312	0.0025947540998458	0.0036705303937196	0.0084294825792312
rs11203810	PD	chr8	16854852	0.001602995704161	0.0082850754261016	-0.0055625550448894	0.0012207799591124	0.0082850754261016
rs416116	AD	chr19	44863088	5.078398680780083e-05	-0.0017501898109912	-0.0050025433301925	-0.0082096345722675	0.0082096345722675
rs205909	AD	chr19	44897518	4.275905666872859e-06	-0.0035827793180942	-0.0060999989509582	-0.0081158056855201	0.0081158056855201
rs2102808	PD	chr2	168260515	-2.6110719772987068e-05	-0.0028423964977264	-0.0080616250634193	-0.0007005771622061	0.0080616250634193
rs2740594	PD	chr8	11849665	0.0001098750799428	0.0004031993448734	0.004983514547348	0.0080222189426422	0.0080222189426422
rs4771268	PD	chr13	97212767	-0.0078289066441357	-0.004423763602972	0.0006853975355625	-7.410626858472824e-05	0.0078289066441357
rs12726330	PD	chr1	155135691	0.0077994465827941	0.0013641119003295	-0.0002102255821228	0.0003886520862579	0.0077994465827941
rs157582	AD	chr19	44892962	8.546450408175588e-05	-0.0072402078658342	-0.0076989233493804	-0.0029481220990419	0.0076989233493804
rs1800247	PD	chr1	156242034	-0.0002137940318789	-0.0050721317529678	0.0076681971549987	0.0056024342775344	0.0076681971549987
rs741780	AD	chr19	44901174	-2.765389217529446e-05	-0.0040825344622135	0.0038627684116363	0.0076274573802948	0.0076274573802948
rs35194062	AD	chr19	45001919	-0.0075406730175018	-0.0019676685333251	0.0026871263980865	-0.0011369884014129	0.0075406730175018
rs344650	PD	chr5	78564785	0.0033479275589343	0.0075049474835395	0.0005487464368343	0.0002497183158993	0.0075049474835395
rs7254723	AD	chr19	44952664	-7.786875357851386e-06	0.0031610988080501	-0.0056526660919189	0.0073963571339845	0.0073963571339845
rs8087969	PD	chr18	51157219	7.667164027225226e-06	0.0020177606493234	0.0009784400463104	0.0073883235454559	0.0073883235454559
rs157595	AD	chr19	44922203	-8.994032396003604e-05	0.0040232259780168	0.0002026408910751	0.0072142668068408	0.0072142668068408
rs1311506805	PD	chr1	48345118	0.0070577242877334	0.0001794602721929	7.410626858472824e-05	0.0008039353415369	0.0070577242877334
rs2209440	PD	chr9	17736344	-0.0070201706839725	-0.0001985831186175	-0.0004116855561733	-8.171005174517632e-05	0.0070201706839725
rs13078687	PD	chr3	18181950	-0.0069663822650909	-0.0003784103319048	0.0003859745338559	-7.804343476891518e-05	0.0069663822650909
rs417193	AD	chr19	44858703	0.0	0.0040845498442649	0.0069234669208526	0.005983505398035	0.0069234669208526
rs9401593	AD	chr6	98101925	0.0005348469567252	0.0031000860035419	0.0068579781800508	0.0019960417412221	0.0068579781800508
rs846876	AD	chr19	44576817	8.687464287504554e-06	-0.0039893630892038	-0.0066214948892593	-0.001636154949665	0.0066214948892593
rs12972970	AD	chr19	44884339	-4.7897861804813147e-05	-0.0036041140556335	0.0065783709287643	-0.0036627128720283	0.0065783709287643
rs73045691	AD	chr19	44937272	3.946981451008469e-05	0.0034814476966857	-0.0063410475850105	-0.004726892337203	0.0063410475850105
rs137887044	PD	chr5	77616673	0.0005090630729682	-0.0007178289815783	-0.0063005052506923	-0.0005070525221526	0.0063005052506923
rs561655	AD	chr11	86089237	-0.000220095666009	-0.0033415695652365	-0.0060276873409748	-0.0016671339981257	0.0060276873409748
rs384973	AD	chr19	44860534	0.0003374029765836	0.0019614519551396	-0.006022922694683	-0.0002615577541291	0.006022922694683
rs112972879	AD	chr19	45661824	0.0	-0.0049258507788181	0.0013030618429183	-0.0058785304427146	0.0058785304427146
rs4130047	PD	chr18	43098270	-0.0057814123865682	-0.0006413822993636	-0.000113621354103	-7.010484114289284e-05	0.0057814123865682
rs2906657	AD	chr7	100386466	3.839362761937082e-06	0.0057122148573398	0.0038477182388305	0.0032113660126924	0.0057122148573398
rs1223720719	AD	chr17	26682500	0.0002717919705901	0.0056202206760644	0.0002259239554405	0.0003051292151212	0.0056202206760644
rs1555399	PD	chr14	67517653	0.0001995352795347	-0.005431855097413	-0.0013110227882862	0.0034795738756656	0.005431855097413
rs146373824	PD	chr12	40341489	-0.0054240934550762	0.0004985267296433	0.0001786891371011	0.0003064372576773	0.0054240934550762
rs143008566	AD	chr19	45434761	4.5515334932133555e-06	0.0053178612142801	-0.0037888064980506	0.0023112334311008	0.0053178612142801
rs28465660	PD	chr4	76191731	0.0	-0.0003323843702673	-0.005148746073246	-0.0011335862800478	0.005148746073246
rs12721051	AD	chr19	44918903	-4.016954335384071e-06	0.0048459507524967	0.0012615844607353	0.001914981752634	0.0048459507524967
rs72918199	AD	chr11	55799780	-0.0046623610542155	-0.0025605848059058	-0.000963338650763	-0.0017837299965322	0.0046623610542155
rs4312050	AD	chr11	54865985	0.0046175724128261	0.003906836733222	-0.0005502486601471	-0.0003866958431899	0.0046175724128261
rs10422253	AD	chr19	45546724	-0.0006898630817886	-0.0045682042837142	0.000313401222229	0.004307597875595	0.0045682042837142
rs12734374	PD	chr1	155419060	6.989444955252111e-06	-0.0005856044590473	0.0045128762722015	-0.0007378226146101	0.0045128762722015
rs528070791	AD	chr19	44812964	2.67283758148551e-05	0.0044747851788997	0.0013347882777452	0.0044277161359786	0.0044747851788997
rs10414043	AD	chr19	44912456	0.0	-0.0020265392959117	-0.0044072121381759	-0.0039612855762243	0.0044072121381759
rs114236584	AD	chr8	40820780	-0.0024760790402069	-0.0012807324528694	-0.001048807054758	-0.0043841395527124	0.0043841395527124
rs2232429	AD	chr6	28391855	0.0042620291933417	0.0	9.26721841096878e-05	7.685786113142967e-05	0.0042620291933417
rs117612135	AD	chr19	45001269	0.0042213201522827	0.0001614689826965	0.0014861822128295	-7.751584053039551e-05	0.0042213201522827
rs5014256	PD	chr1	205784749	9.181792847812176e-05	-0.0014540385454893	-0.0040682218968868	-0.0018713101744651	0.0040682218968868
rs9535966	AD	chr13	52288435	-0.0037671360187232	0.0	-7.927883416414261e-05	6.492435932159424e-05	0.0037671360187232
rs11665829	AD	chr19	44862560	0.0016760562430135	-0.0005795983597636	-0.0037202555686235	-0.0008101756684482	0.0037202555686235
rs6812193	PD	chr4	76277833	0.0001402811903972	-0.0022821752354502	-0.0036997618153691	-0.0002948241308331	0.0036997618153691
rs9381563	AD	chr6	47464901	-0.0001224682637257	-0.0001855343580245	0.0003494983538985	0.0036495360545814	0.0036495360545814
rs7251911	AD	chr19	45079144	-0.0012781620025634	0.0035834610462188	0.0009142458438873	-0.000381052494049	0.0035834610462188
rs138045074	PD	chr1	155376394	0.0006092091789469	0.003443663008511	0.001576067879796	0.0	0.003443663008511
rs61915439	AD	chr11	48450499	-0.0003357857931405	-0.0009637307375669	-0.0032626949250698	-0.0001457263715565	0.0032626949250698
rs10513789	PD	chr3	183042285	0.003242514503654	0.0012052627280354	-4.9345195293426514e-05	0.0001288591884076	0.003242514503654
rs12278023	PD	chr11	83799074	0.0032331468828488	-0.0001241574063897	-0.0001332014799118	0.0	0.0032331468828488
rs34342646	AD	chr19	44884873	8.033908670768142e-06	-0.0006228247657418	-0.0032045785337686	-0.0002882108092308	0.0032045785337686
rs11343	PD	chr16	19268142	0.0021538885775953	0.0023676324635744	0.0031731314957141	0.0005010850727558	0.0031731314957141
rs138607350	AD	chr19	44860563	-8.96309211384505e-06	0.0001942683011293	-0.0031694676727056	-0.0001058881171047	0.0031694676727056
rs199351	PD	chr7	23260430	0.0031089395051822	0.0023036375641822	0.0006773862987756	-0.0001233117654919	0.0031089395051822
rs75627662	AD	chr19	44910319	-1.507559500169009e-05	-0.0001673158258199	-0.0030608270317316	-0.000273467041552	0.0030608270317316
rs16833168	PD	chr3	122535800	-0.0010350286465836	-0.0029451353475451	-0.0001563038676977	-0.0007647708989679	0.0029451353475451
rs9261484	PD	chr6	30140906	0.0014250367530621	-0.0015478003770112	-0.0029275547713041	-8.046906441450119e-05	0.0029275547713041
rs2760980	PD	chr6	32597424	4.500447539612651e-05	-0.00027756113559	-0.0028973640874028	-3.4528784453868866e-06	0.0028973640874028
rs199453	PD	chr17	46723580	-0.0002988482447108	-0.0028918590396642	-0.0013683093711733	-0.0003070943057537	0.0028918590396642
rs113120976	PD	chr4	119644998	-0.0001767747744452	-0.0028303544968366	-0.0004958333447575	-0.000576339662075	0.0028303544968366
rs17577094	PD	chr17	46110126	0.0026736011204775	0.0013425797224044	0.0004534339532256	0.0001525469124317	0.0026736011204775
rs56369833	AD	chr19	44921095	0.0025331769138574	0.0008130688220262	-5.309656262397766e-05	0.0003564842045307	0.0025331769138574
rs2927480	AD	chr19	44834128	-2.8097419999539852e-06	0.0024876398965716	-0.000219851732254	8.955365046858788e-05	0.0024876398965716
rs1724407	PD	chr17	45670249	1.6916892491281033e-05	-0.0017219092696905	-0.0024558752775192	-0.0002183127216994	0.0024558752775192
rs9789319	AD	chr19	45925395	-4.016954335384071e-06	-0.0007608663290739	-0.0024389754980802	-6.719958037137985e-05	0.0024389754980802
rs190807041	PD	chr12	40379882	0.0024140131426975	0.0024236626923084	0.0016597649082541	0.0002176044508814	0.0024236626923084
rs148294058	PD	chr12	42655580	0.0022562942467629	-0.0002885977737605	-0.0002823518589138	-7.340498268604279e-05	0.0022562942467629
rs2120001636	AD	chr11	55233749	0.0008083847351372	0.0021949363872408	0.00075513869524	0.0006579062901437	0.0021949363872408
rs6605556	AD	chr6	32615322	2.3364555090665817e-05	0.0018394095823168	0.0021081939339637	0.0003276066854596	0.0021081939339637
rs58826447	AD	chr19	44825122	2.2779771825298667e-05	0.0020338185131549	-0.0008304044604301	-6.873626261949539e-05	0.0020338185131549
rs7225002	PD	chr17	46111701	0.0019814092374872	0.0007810685783624	8.169002830982208e-05	9.2328991740942e-05	0.0019814092374872
rs9369716	AD	chr6	47584444	0.0013205804862082	0.0019603744149208	8.145906031131744e-05	6.105238571763039e-05	0.0019603744149208
rs13294100	PD	chr9	17579692	0.0001582205295562	0.0019583106040954	0.0018527507781982	-4.425644874572754e-05	0.0019583106040954
rs75184591	AD	chr11	48687581	-0.0019079727353528	-0.0014528417959809	-0.0014840317890048	-0.0002082418650388	0.0019079727353528
rs138017112	PD	chr12	41901977	-0.0019035646691918	-0.000230218283832	0.0	0.0	0.0019035646691918
rs395710	AD	chr19	44861558	-0.0018715171026997	0.0003019766882061	0.0013091200962662	0.000696504022926	0.0018715171026997
rs997368	PD	chr6	111922088	-0.0018064704199787	-0.0002549905329942	-0.0002290969714522	-6.903661414980888e-05	0.0018064704199787
rs11164870	PD	chr1	93086630	0.0017642210295889	-0.000234305858612	-0.0005682772025465	-0.0005230722017586	0.0017642210295889
rs3805	PD	chr1	205714227	-0.0017212828533956	0.0001718364655971	0.0011761430650949	0.0009767236188054	0.0017212828533956
rs78327649	PD	chr4	90059181	0.0016934217273956	6.326287984848022e-05	-6.236694753170013e-05	0.0003293952904641	0.0016934217273956
rs687432	PD	chr11	57926788	0.0016391539975302	0.0	7.810071110725403e-05	0.0001349351368844	0.0016391539975302
rs490243	AD	chr19	44899213	0.0	-3.059208393096924e-05	-0.0016053915023803	0.0004266118630766	0.0016053915023803
rs75344947	PD	chr18	43360967	-0.0009292051836382	4.557706415653229e-05	0.0002612210810184	-0.0016019288450479	0.0016019288450479
rs77669894	PD	chr12	32089513	0.0009999871253967	-0.0005184104666113	-0.001002449542284	-0.0015889783389866	0.0015889783389866
rs411856	AD	chr19	44861366	0.0009328576124971	-0.0004022065550088	-0.0015637660399079	-0.0006644306704401	0.0015637660399079
rs6658353	PD	chr1	161499264	0.0	-0.0005710609257221	-0.0015194080770015	0.0002899742685258	0.0015194080770015
rs9379945	AD	chr6	26940052	0.0002217771398136	0.0015089940279722	0.0013380525633692	0.0002029207535088	0.0015089940279722
rs356203	PD	chr4	89744890	-0.0014677718281745	-0.0003411183133721	-7.522478699684143e-05	-6.903661414980888e-05	0.0014677718281745
rs10880819	AD	chr12	38272211	0.0013592669565696	-6.719958037137985e-05	8.107908070087433e-05	0.0	0.0013592669565696
rs6826785	PD	chr4	89761323	6.436694820877165e-05	0.001348621211946	0.0008115144446492	0.0001549012959003	0.001348621211946
rs76692773	AD	chr19	44890954	0.0010938048362731	0.0010474026203155	0.0013210475444793	5.394220352172851e-05	0.0013210475444793
rs11683001	PD	chr2	101780501	0.0012259392387932	-0.0004896726459264	-8.030422031879425e-05	-0.0001001171767711	0.0012259392387932
rs12528068	PD	chr6	71778059	-0.0011866686108987	-0.0002199769951403	0.0	0.0	0.0011866686108987
rs2469249	AD	chr15	76479721	-0.0011839076178148	-0.0001159813255071	0.0	-0.0004131500609219	0.0011839076178148
rs17443414	PD	chr12	40250950	-0.0005819323705509	0.0004643658176064	0.0010783523321151	0.0001423750072717	0.0010783523321151
rs1994090	PD	chr12	40034759	-0.0010511894070077	0.0	8.671823889017105e-05	0.0	0.0010511894070077
rs118117788	PD	chr10	119950976	-0.0010503099183551	0.0001855343580245	7.410626858472824e-05	0.0001423931680619	0.0010503099183551
rs79214011	PD	chr4	89938128	0.0	0.0002166614867746	0.0009546736255288	0.0001391731202602	0.0009546736255288
rs2436475	AD	chr19	44861991	-2.792660961858928e-05	-6.3497573137283325e-06	0.000954482704401	0.0002966276369988	0.000954482704401
rs61812598	AD	chr1	154447611	-0.0001788684166967	0.0001601874828338	0.0009467722848057	-0.0002686567604541	0.0009467722848057
rs34025766	PD	chr4	17967188	-0.0009219123021466	0.0	-0.0001766989007592	0.0	0.0009219123021466
rs561654715	AD	chr19	44890947	-0.0005095303058624	0.000879168510437	0.0005880892276763	-0.0008042156696319	0.000879168510437
rs141421624	PD	chr2	61515221	3.6198689485900104e-05	0.000852613709867	0.0007603652775287	0.0003555454313755	0.000852613709867
rs2967668	AD	chr19	44799694	6.123475031927228e-06	0.000794818624854	-0.0006945058703422	0.0004712920635938	0.000794818624854
rs76949143	PD	chr7	66544864	0.0	0.0003060735762119	-0.0007906109094619	-0.0002525076270103	0.0007906109094619
rs11060112	PD	chr12	122807956	0.000775905631599	0.0005001621320843	0.0	0.0	0.000775905631599
rs2248244	PD	chr21	37480059	0.0001546286512166	-0.0007646791636943	-0.0007370300590991	-0.0003097215667366	0.0007646791636943
rs72840788	PD	chr10	119656173	-3.8395068258978426e-05	-0.0007503200322389	-0.0003965720534324	0.0005379039794206	0.0007503200322389
rs1906375469	AD	chr17	26682529	2.2798398276790977e-05	0.0007481798529624	0.0003964202478528	6.69495202600956e-05	0.0007481798529624
rs3104783	PD	chr16	52602330	-0.000717875896953	-0.0002608960494399	-0.000167379155755	-0.0001750597730278	0.000717875896953
rs28370650	PD	chr12	40006146	-0.0002329909912077	0.0004883892834186	-1.406203955411911e-05	0.0006991438567638	0.0006991438567638
rs519825	AD	chr19	44863522	4.201369301881641e-05	0.0003836536779999	0.0006669079884886	0.0	0.0006669079884886
rs12147950	PD	chr14	37520065	4.100902879144997e-05	0.000631142873317	0.0001985831186175	0.0001909735146909	0.000631142873317
rs3104776	PD	chr16	52597550	0.0006168228574097	-0.0002931086346507	-0.000492020510137	-0.0003728298470377	0.0006168228574097
rs6014724	AD	chr20	56423488	0.0	-0.0002877293154597	-0.0005992101505398	-0.0004634028300642	0.0005992101505398
rs983361	PD	chr4	89840793	-0.000597103848122	0.0	0.0	8.554337546229362e-05	0.000597103848122
rs814573	AD	chr19	44921094	-0.0005839281220687	0.0004515340551733	-0.0003322148695588	9.66489315032959e-05	0.0005839281220687
rs4588066	PD	chr18	43092999	-0.0005481531843543	0.0	7.522478699684143e-05	0.0	0.0005481531843543
rs117073808	PD	chr12	40528770	0.0003744367713807	0.0005236621946096	0.000165220350027	6.492435932159424e-05	0.0005236621946096
rs3129882	PD	chr6	32441753	-0.000424734520493	-0.0002255840227007	-0.0004887543618679	0.0002527595497667	0.0004887543618679
rs1442190	PD	chr12	40971838	0.0004840037727262	-0.000347969122231	-7.13719055056572e-05	-8.171005174517632e-05	0.0004840037727262
rs9393826	PD	chr6	27584991	-1.864384103100747e-05	0.0	7.245317101478577e-05	0.0004817228764295	0.0004817228764295
rs3796661	PD	chr4	89766356	-0.000124393031001	-0.0004741111770272	1.354701817035675e-05	7.685786113142967e-05	0.0004741111770272
rs28648524	PD	chr15	50495212	-2.5286281015723944e-05	-8.854269981384277e-05	-0.0004544463008642	0.0	0.0004544463008642
rs6532194	PD	chr4	89859751	0.0003090436657657	-0.0002989005297422	-0.0004467321559786	0.0001456933096051	0.0004467321559786
rs12283611	PD	chr11	83776234	-4.275905666872859e-06	-0.0003580506891012	0.0001806924119591	9.2328991740942e-05	0.0003580506891012
rs35472547	AD	chr6	32592593	-4.387657099869102e-06	0.0	-0.0003430228680372	0.0001621791161596	0.0003430228680372
rs73069394	AD	chr3	41745741	9.646217222325504e-06	-0.0001108231954276	-0.0003066137433052	0.0	0.0003066137433052
rs353116	PD	chr2	165277122	-7.32466287445277e-06	0.0001195492222905	0.0002984721213579	0.0002770093269646	0.0002984721213579
rs1326293	PD	chr1	232533936	-6.621416832786053e-05	-0.0001195492222905	-0.0002973964437842	0.0	0.0002973964437842
rs9275326	PD	chr6	32698883	-0.000190838240087	0.0	0.0	0.0002918881364166	0.0002918881364166
rs11177328	PD	chr12	40583994	-0.0001184007996926	0.0	0.0002914918586611	0.0	0.0002914918586611
rs356220	PD	chr4	89720189	-1.3242941349744797e-05	-0.0002404828555881	-6.925500929355621e-05	0.0	0.0002404828555881
rs356219	PD	chr4	89716450	-0.0002270224358653	-0.0001091537997126	0.0	0.0	0.0002270224358653
rs9349416	AD	chr6	47584202	-0.0002211260434705	-6.326287984848022e-05	-0.0002109222114086	0.0	0.0002211260434705
rs1941685	PD	chr18	33724354	-6.031717930454761e-06	-0.0002133958041667	0.0001928051933646	-7.685786113142967e-05	0.0002133958041667
rs2338971	PD	chr1	101414449	0.0	0.000197091139853	7.13719055056572e-05	0.0	0.000197091139853
rs11707416	PD	chr3	151391177	-7.925147656351328e-05	6.719958037137985e-05	0.0001930184662342	0.0	0.0001930184662342
rs5019538	PD	chr4	89715479	-7.856509182602167e-05	-7.352512329816818e-05	0.0001487024128437	0.000191836617887	0.000191836617887
rs4236673	AD	chr8	27607412	0.0001783673360478	0.0	-0.0001591816544532	-5.954829975962639e-05	0.0001783673360478
rs144755950	PD	chr12	42141601	0.0001525368716102	6.520189344882965e-05	0.0001533031463623	0.0	0.0001533031463623
rs6875262	PD	chr5	124774580	-0.0001454080338589	-0.0001125163398683	0.0	0.0001371158286929	0.0001454080338589
rs7673321	PD	chr4	17956065	3.893437678925693e-06	0.0001318892464041	-7.751677185297012e-05	8.171005174517632e-05	0.0001318892464041
rs76904798	PD	chr12	40220632	-2.802266681101173e-05	-6.27860426902771e-05	0.0001296009868383	0.0	0.0001296009868383
rs4101061	PD	chr4	76226816	9.24743653740734e-06	0.0001241574063897	-9.001046419143677e-05	0.0	0.0001241574063897
rs113487377	PD	chr16	52922415	1.5480327419936657e-05	0.0001125163398683	0.0	0.0	0.0001125163398683
rs4073221	PD	chr3	18235996	5.2278279326856136e-05	0.000107507687062	0.0	0.0	0.000107507687062
rs9275207	AD	chr6	32689933	4.5515334932133555e-06	0.0	-7.810071110725403e-05	0.0	7.810071110725403e-05
rs2292056	PD	chr3	183017423	0.0	-6.925500929355621e-05	-5.095917731523514e-05	0.0	6.925500929355621e-05
